,pbmc_1,pbmc_10
SNORA52,2.0212,1.15102
SNORA53,0.426412,0.0
SNORA54,0.0,0.0
SNORA55,0.585614,1.18575
SNORA56,0.0,1.15618
SNORA57,2.06044,0.325934
SNORA59B,0.666746,0.379692
SNORA5A,1.84082,2.01894
SNORA5B,0.0,0.884945
SNORA5C,2.53766,1.70451
SNORA61,0.0,0.0
SNORA64,0.0,0.315398
SNORA65,2.36948,0.674677
SNORA66,0.0,0.0
SNORA67,33.9656,18.4532
SNORA68,4.70431,0.698862
SNORA69,0.0,0.785904
SNORA6,2.23214,1.76005
SNORA70B,0.0,0.920814
SNORA70C,0.0,0.0
SNORA70,0.0,0.0
SNORA71A,0.0,0.293094
SNORA71C,0.0,0.0
SNORA71D,0.0,0.0
SNORA72,5.38222,3.45798
SNORA74A,0.0,0.0
SNORA75,1.36643,0.370546
SNORA50C,0.0,0.0
SNORA77,0.678431,0.944405
SNORA78,2.86425,4.68421
SNORA79,0.0,0.0
SNORA7B,1.56146,1.82116
SNORA80A,0.0,0.0
SNORA81,3.3251,4.79701
SNORA84,0.613605,0.0
SNORA8,3.28105,1.57857
SNORA9,0.0,0.0
SNORD102,5.59594,25.966
SNORD105,0.0,0.0
SNORD109B,0.0,0.0
SNORD110,0.60687,2.30397
SNORD111,0.0,0.0
SNORD113-1,0.0,0.0
SNORD113-2,0.0,0.0
SNORD113-4,0.0,0.0
SNORD113-5,0.0,0.0
SNORD113-6,0.0,0.0
SNORD113-7,0.0,0.0
SNORD113-9,0.0,0.0
SNORD114-10,0.0,0.0
SNORD114-11,0.0,0.0
SNORD114-12,0.0,0.0
SNORD114-13,0.0,0.0
SNORD114-14,0.0,0.0
SNORD114-15,0.0,0.0
SNORD114-16,0.0,0.0
SNORD114-17,0.0,0.0
SNORD114-18,0.0,0.0
SNORD114-19,0.0,0.0
SNORD114-1,0.0,0.0
SNORD114-20,0.0,0.0
SNORD114-21,0.0,0.0
SNORD114-22,0.0,0.0
SNORD114-23,0.0,0.0
SNORD114-24,0.0,0.0
SNORD114-25,0.0,0.0
SNORD114-26,0.0,0.0
SNORD114-27,0.0,0.0
SNORD114-28,0.0,0.0
SNORD114-29,0.0,0.0
SNORD114-2,0.0,0.0
SNORD114-30,0.0,0.0
SNORD114-31,0.0,0.0
SNORD114-3,0.0,0.0
SNORD114-5,0.0,0.0
SNORD114-6,0.0,0.0
SNORD114-7,0.0,0.0
SNORD114-9,0.0,0.0
SNORD115-10,0.0,0.0
SNORD115-11,0.0,0.0
SNORD115-13,0.0,0.0
SNORD115-14,0.0,0.0
SNORD115-16,0.0,0.0
SNORD115-17,0.0,0.0
SNORD115-1,0.0,0.0
SNORD115-20,0.0,0.0
SNORD115-22,0.0,0.0
SNORD115-25,0.0,0.0
SNORD115-26,0.0,0.0
SNORD115-2,0.0,0.0
SNORD115-30,0.0,0.0
SNORD115-31,0.0,0.0
SNORD115-32,0.0,0.0
SNORD115-33,0.0,0.0
SNORD115-35,0.0,0.0
SNORD115-37,0.0,0.0
SNORD115-38,0.0,0.0
SNORD115-39,0.0,0.0
SNORD115-3,0.0,0.0
SNORD115-40,0.0,0.0
SNORD115-41,0.0,0.0
SNORD115-44,0.0,0.0
SNORD115-48,0.0,0.0
SNORD115-4,0.0,0.0
SNORD115-5,0.0,0.0
SNORD115-6,0.0,0.0
SNORD115-7,0.0,0.0
SNORD115-8,0.0,0.0
SNORD115-9,0.0,0.0
SNORD116-10,0.0,0.0
SNORD116-11,0.0,0.0
SNORD116-12,0.0,0.0
SNORD116-13,0.0,0.0
SNORD116-14,0.0,0.0
SNORD116-15,0.0,0.0
SNORD116-16,0.0,0.0
SNORD116-18,0.0,0.0
SNORD116-1,0.0,0.0
SNORD116-22,0.0,1.91758
SNORD116-23,0.0,0.0
SNORD116-24,0.0,0.0
SNORD116-25,0.0,0.0
SNORD116-26,0.0,0.0
SNORD116-27,0.0,0.0
SNORD116-29,0.93652,0.0
SNORD116-2,2.24592,0.0
SNORD116-3,0.725016,0.0
SNORD116-4,1.625912,0.580423
SNORD116-5,0.725016,0.0
SNORD116-8,0.0,0.0
SNORD117,2.82278,3.00065
SNORD11,0.0,0.0
SNORD121A,0.0,0.0
SNORD125,2.17505,0.0
SNORD12,0.0,3.89357
SNORD15A,0.520331,0.0
SNORD15B,1.06219,1.94909
SNORD17,0.45595,0.553921
SNORD18A,0.0,3.46965
SNORD18B,2.61118,0.0
SNORD18C,0.0,0.711213
SNORD1B,2.23832,0.0
SNORD20,0.513514,0.0
SNORD21,0.0,6.17766
SNORD22,0.0,0.616684
SNORD23,5.37474,0.684755
SNORD24,2.96185,0.0
SNORD25,0.0,0.0
SNORD26,0.0,0.0
SNORD27,0.0,0.0
SNORD28,4.62613,0.0
SNORD30,7.18075,3.22182
SNORD32A,42.1564,34.6146
SNORD32B,0.0,0.0
SNORD33,5.2696,2.54621
SNORD34,2.87937,18.8568
SNORD35A,9.84861,4.58878
SNORD36A,7.18075,9.1698
SNORD36C,1.47533,7.28137
SNORD37,0.0,0.0
SNORD38A,3.34463,11.1741
SNORD38B,0.0,0.0
SNORD41,0.0,0.0
SNORD42A,5.42222,1.76446
SNORD42B,3.51223,2.13346
SNORD43,0.0,0.0
SNORD45A,7.49216,0.0
SNORD45B,7.64493,0.241865
SNORD45C,0.0,0.0
SNORD46,0.0,0.0
SNORD48,0.0,4.8787
SNORD49A,1.27416,0.0
SNORD4A,3.65655,0.0
SNORD4B,1.18474,2.69871
SNORD50A,0.0,0.0
SNORD52,1.54921,5.88153
SNORD53,0.0,0.0
SNORD54,3.87302,3.52892
SNORD55,11.255,16.8669
SNORD56B,0.0,0.0
SNORD56,1.30559,0.0
SNORD57,6.83948,1.41632
SNORD58A,1.47533,3.08058
SNORD59A,6.36093,12.7332
SNORD5,0.0,0.0
SNORD60,0.0,0.0
SNORD61,0.0,0.0
SNORD62A,1.831196,0.0
SNORD63,2.10734,9.60057
SNORD65,0.0,5.99032
SNORD66,0.0,0.0
SNORD67,0.0,0.0
SNORD69,1.65369,6.90603
SNORD6,0.0,0.0
SNORD70,0.0,0.0
SNORD71,0.0,0.0
SNORD72,7.1892,0.0
SNORD73A,0.0,0.0
SNORD7,0.0,0.0
SNORD82,0.0,0.0
SNORD84,0.396969,0.0
SNORD86,5.10487,0.0
SNORD88A,0.0,0.0
SNORD88B,0.355433,0.0
SNORD89,12.9582,17.871
SNORD8,0.0,0.0
SNORD90,0.0,0.0
SNORD91A,0.0,0.0
SNORD91B,0.0,0.0
SNORD92,0.0,0.0
SNORD93,0.0,0.0
SNORD94,1.17123,1.11164
SNORD95,2.32381,40.5826
SNORD96A,5.17895,0.0
SNORD96B,0.0,0.0
SNORD97,0.754986,0.644915
SNORD99,0.0,0.0
SNORD9,0.0,0.0
SNPH,6.974025,5.847888
SNRK,55.27196,40.236093
SNRNP200,59.350982,51.202738
SNRNP25,14.52470108468,24.0959
SNRNP27,33.9264,27.21434
SNRNP35,18.600633,24.993052
SNRNP40,27.187619,19.201641
SNRNP48,7.063606,5.3903259
SNRNP70,72.52066,78.59904
SNRPA1,27.87694,27.29639
SNRPA,89.1064,100.8989
SNRPB2,68.575,59.3395
SNRPB,186.115565,190.997381
SNRPC,105.053,98.0339
SNRPD1,24.4121,20.9871
SNRPD2,351.96957,284.289429
SNRPD3,64.17418,53.411588
SNRPE,32.38569,34.11371
SNRPF,60.0164,53.5682
SNRPG,62.212035,43.4406507
SNRPN,174.1244527909,118.654727
SNTA1,5.976796127,5.99602
SNTB1,14.601631,11.129377
SNTB2,2.639969,2.013002
SNTG1,0.0,0.0
SNTG2,0.200827213212,0.04573752
SNTN,0.840104,0.87063
SNUPN,13.2283045,13.551041
SNURF,6.43864,11.9577
SNW1,55.6787300456773,47.14202
SNX10,38.42607,53.778465
SNX11,20.473528,23.0611130001894
SNX12,21.281182,21.574424
SNX13,5.2001297601,5.407594
SNX14,21.3282056,20.426023891834
SNX15,28.13854,29.97209
SNX16,1.934475,1.592269
SNX17,152.086114812902,159.034454546394
SNX18,23.877841,18.571467
SNX19,16.606812,11.009954674
SNX1,58.4044110225417,38.4385820563325
SNX20,30.2658769,20.65709
SNX21,3.86129268,5.2062103806001
SNX22,6.817453,8.806705
SNX24,3.437454,3.1059630938487
SNX25,7.148871,4.972439
SNX27,11.800488,9.4458345
SNX29,14.3698,15.546
SNX2,87.19871,89.13294
SNX30,7.67986,7.23685
SNX31,0.0,0.0
SNX32,0.238023,0.271095
SNX33,3.684878,3.564981
SNX3,174.693971,183.503742
SNX4,16.1305507,14.7951
SNX5,45.19469518,39.59262111
SNX6,61.96994,53.355279
SNX7,1.622893,0.316391
SNX8,11.8469,12.6187
SNX9,9.9531,9.88811
SOAT1,17.4070000003087,12.77001560315
SOAT2,0.253826,0.161058
SOBP,0.191145,0.235583
SOCS1,9.1386,9.06068
SOCS2,6.951717,4.512564
SOCS3,38.1197,81.3946
SOCS4,1.870722,1.056795
SOCS5,7.361825,9.81291
SOCS6,1.08611,1.165604
SOCS7,3.06303,1.670884
SOD1,181.662670082879,165.13588
SOD2,177.448916,312.426677
SOD3,0.0,0.0
SOHLH1,0.0,0.0
SOHLH2,0.0,0.0
CAPN15,36.74993,40.656204
SON,112.71395,98.7643550299
SORBS1,0.2212725,0.30159
SORBS2,0.0824713051544,0.0049436900979616
SORBS3,32.91511,30.81668
SORCS1,0.0,0.0
SORCS2,0.11182,0.0195051
SORCS3,0.146919,0.102448
SORD,10.1202,8.9304438
SORL1,74.40085,58.4062
SORT1,12.342388,12.251259
SOS1,12.392962,9.193013
SOS2,25.982886095,18.673580068
SOSTDC1,0.0,0.0
SOST,0.0,0.0
SOX10,0.0,0.128064
SOX11,0.124979,0.0239031
SOX12,4.79647,4.18837
SOX13,1.888735,1.33916020527
SOX14,0.0,0.0
SOX15,1.422316,0.448899
SOX17,0.0,0.0
SOX18,0.0,0.0
SOX1,0.0,0.0
SOX21,0.0,0.0
SOX2-OT,0.180997,0.00592737
SOX2,0.0,0.0371162
SOX30,0.2828692,0.0906796
SOX3,0.0,0.0
SOX4,15.6114,18.235
SOX5,0.18779589,0.0643774
SOX6,0.062171602574328,0.0704533
SOX7,0.438706,0.314339
SOX8,2.04883,1.4885
SOX9,0.0,0.0
SP100,78.498829,68.615301
SP110,78.321190174995,85.94583
SP140L,24.48718,18.870625
SP140,21.956307,20.86872
SP1,23.41456,18.16884
SP2,18.44773,17.010743
SP3,37.3061,27.9449045748
SP4,8.1192608139,4.510631027
SP5,0.0,0.0
SP6,0.0,0.0
SP7,0.0,0.0266852
SP8,0.0,0.00181349
SP9,0.0,0.00462368
SPA17,2.64721,1.84863
SPACA1,0.0,0.0
SPACA3,0.163439,0.0
SPACA4,0.0,0.140986
SPACA5,0.0752056,0.1713102
SPAG11A,0.0,0.0
SPAG11B,0.0,0.0
SPAG16,5.8392785,4.94593
SPAG17,0.0653034,0.172628
SPAG1,1.78185,1.17198
SPAG4,0.0785223,0.0
SPAG5,1.10699,0.435831
SPAG6,0.0853354,0.0662365
SPAG7,74.11368,88.05816
SPAG8,0.246291,0.796392
SPAG9,6.528193225565,4.414092396215
SPAM1,0.0,0.0
SPANXA2,0.0,0.0
SPANXC,0.0,0.0
SPANXN1,0.0,0.0
SPANXN2,0.0,0.0
SPANXN3,0.0,0.0
SPANXN4,0.0,0.0
SPANXN5,0.0,0.0
SPARCL1,0.0173393,0.0197529
SPARC,10.0040200005891,36.94231
SPAST,10.37220305,8.28265
SPATA12,0.0506817,0.0
SPATA13,25.085829,16.8602968
SPATA16,0.0,0.0
SPATA17,0.0,0.09329959
SPATA18,0.0370809,0.118878
SPATA19,0.0,0.0
SPATA20,9.333677,16.232456
SPATA21,0.16083,0.0723613
SPATA22,0.0,0.0
SPATA24,4.433214,4.75963
SPATA2L,6.84037,6.20856
SPATA2,4.465439,4.91424
SPATA3,0.0,0.0
SPATA4,0.0,0.0
SPATA5L1,3.769099,3.991705
SPATA5,1.841424,1.568942
SPATA6,2.4411305,2.432632
SPATA7,1.87735744,1.78912400088769
SPATA8,0.0,0.0
SPATA9,0.101636,0.0616711
SPATC1,0.435796,0.101432
SPATS1,0.0,0.0
SPATS2L,3.428091,2.7956875
SPATS2,5.0505810874836,2.390894
SPC24,0.36793,0.139684
SPC25,1.42377,0.662535
SPCS1,125.791,111.315
SPCS2,27.8556,19.6907
SPCS3,52.5452,42.8586
SPDEF,0.0285754,0.0795564
SPDYA,0.029591,0.06436
SPDYC,0.596742,0.390607
SPDYE1,0.293718,0.0457052
SPDYE2,0.552011,0.134738
SPDYE3,4.60597,3.62157
SPDYE4,0.0,0.200788
SPDYE5,0.404439,0.00407802
SPDYE6,1.114213,2.404755
SPDYE7P,1.7059,1.29452
SPEF1,0.0668206,0.0
SPEF2,2.2808961,1.043233
SPEG,0.7561886,0.6463203
SPEM1,0.0,0.0
SPEN,13.55773,11.16119
SPERT,0.153223,0.0
SPESP1,0.407383,0.451166
SPG11,19.859218,18.373829
SPG20,14.440048,10.13611606344
SPG21,112.94402,142.39138000042
SPG7,22.377284,20.102934
SPHAR,2.65896,2.95891
SPHK1,5.953051,7.6928818
SPHK2,11.140014,10.4874137789
SPHKAP,0.0,0.0
SPI1,369.74939,560.58712
SPIB,28.89928,29.391789
SPIC,0.018608365202,0.120098476462
SPIN1,14.435204,11.82987
SPIN2A,0.0,0.0
SPIN2B,6.00175,5.33468
SPIN3,1.9077334,0.976636
SPIN4,1.29352,0.529473
SPINK13,0.0,0.0
SPINK14,0.0,0.0
SPINK1,0.0,0.0
SPINK2,6.72953,4.04219
SPINK4,0.0,0.0
SPINK5,0.0,0.0
SPINK6,0.0,0.0
SPINK7,0.0,0.0
SPINK8,0.0,0.0
SPINK9,0.0,0.0
EPPIN,0.231774,0.111149
SPINT1,21.3611440339258,17.58526
SPINT2,105.6747,99.15538
SPINT3,0.0,0.0
SPINT4,0.0,0.0
SPIRE1,0.8378210989,0.520821
SPIRE2,0.603549,0.4461854
SPNS1,41.889138,46.4495240001174
SPNS2,0.399646,0.233064
SPNS3,9.40874,13.25998
SPN,77.41467,60.65516
SPO11,0.0,0.0
SPOCD1,0.5929112,1.628113
SPOCK1,0.50516491106,0.115614728308
SPOCK2,198.862538,151.95439
SPOCK3,0.0,0.391536009290127
SPON1,0.880969,0.349106
SPON2,35.04754,48.462024
SPOPL,11.1186,7.71513
SPOP,27.573042,19.0053618
SPP1,0.066995,0.109895
SPP2,0.0,0.0
SPPL2A,23.2457,24.891
SPPL2B,12.919618,13.05714
SPPL3,22.47648,20.6374240000505
SPRED1,0.962152,0.91688
SPRED2,0.703151,0.5079446
SPRED3,0.0,0.0789653
SPRN,0.679194,0.524319
SPRR1A,0.0,0.0
SPRR1B,0.0,0.0
SPRR2A,0.0,0.0
SPRR2B,0.0,0.0
SPRR2D,0.0,0.0
SPRR2E,0.0,0.0
SPRR2F,0.0,0.0
SPRR2G,0.0,0.0
SPRR3,0.0,0.0
SPRR4,0.0,0.0
SPRY1,1.31031,1.2069
SPRY2,0.7906259,0.776371
SPRY3,0.1259017,0.0793482
SPRY4,0.0175003156153,0.02535270862208
SPRYD3,28.146023,19.9892
SPRYD4,3.48375138944,4.117879
TRIM51,0.168929,0.0
SPR,2.13666,3.77474
SPSB1,2.35015,1.5577
SPSB2,11.6322125,10.262913
SPSB3,40.472681,39.975307
SPSB4,0.0288097,0.0
SPTA1,0.0043244,0.0171813
SPTAN1,85.658385,75.076104
SPTBN1,28.7648452,21.425015
SPTBN2,0.0744383,0.3088896
SPTBN4,0.0651978,0.04370745
SPTBN5,0.0298883,0.0218847
SPTB,0.434837455133535,0.783710527398818
SPTLC1,25.597245,22.9156960003334
SPTLC2,19.9476,18.7365
SPTLC3,0.562737,0.403013
SPTY2D1,7.73686,6.92107
SPZ1,0.0,0.0
SQLE,4.50315,3.03661
SQRDL,76.3341526,90.841897
SQSTM1,141.76325,146.82227
U2SURP,21.841938241539,17.8312220154188
SRA1,25.002453,26.54497
SRBD1,12.81391,11.01298
SRCAP,22.183923,16.937472
SRCIN1,0.063915754,0.182189889
SSC4D,0.2468294,0.4630287
SRC,8.930091,12.2693
SRD5A1,14.3577211,13.88264
SRD5A2,0.0,0.0
SRD5A3,6.49603,9.88905
SREBF1,26.371204,25.5431750010093
SREBF2,70.008305,68.798829
SRFBP1,4.39306,2.89613
SRF,23.911900114326,21.00984
SRGAP1,0.1771625065,0.127739
SRGAP2,14.919601,13.286857
SRGAP3,0.546265800768299,0.31010633425
SRGN,767.64049,802.92461
SRI,52.09172,46.27254
SRL,0.0754727,0.046509
SRMS,0.0,0.101886
SRM,82.4739,80.4609
SRP14,236.07668,214.17386
SRP19,41.78381,38.605344
SRP54,17.3887872061006,11.482473000411
SRP68,46.1211300000974,36.47116
SRP72,60.183881,53.27576755
SRP9,139.647326,114.867908
SRPK1,10.6812359,8.836600514382
SRPK2,28.900583,21.16891
SRPK3,0.103413,0.0
SRPRB,19.0849,13.4297
SRPRA,70.47340129728,62.09547
SRPX2,0.0,0.0
SRPX,0.200014,0.76056487067
SRRD,9.2711600856951,8.2269600211208
SRRM1,49.154294,42.723579
SRRM2,59.840781,47.308503
SRRM3,0.0,0.0
SRRM4,0.0151537,0.0511654
SRRM5,0.059833,0.029909
SRRT,42.10709,37.13423
SRR,4.750657,0.75142
SRXN1,22.433,14.875
SRY,0.0,0.0
SS18L1,2.170519,1.704414
SS18L2,38.8238,33.9846
SS18,22.920592559,19.098940461
SSBP1,131.70809,124.823295
SSBP2,15.579657,10.411638
SSBP3,74.12763,55.87428
SSBP4,87.716676,99.0086
SSB,81.06015,64.9806756
SSC5D,0.0950816,0.0200542
SSFA2,16.605248000155,15.569700410677
SSH1,14.778206,11.9723688
SSH2,24.091939,22.990887
SSH3,3.2019,3.113318
SSNA1,85.7529,93.6602
SSPN,0.538225,0.208674
SSPO,0.3285036,0.2227073
SSR1,31.0625830005818,23.4360793006918
SSR2,406.141832,341.11208
SSR3,46.73479,34.6994
SSR4,367.906431,385.828
SSRP1,75.772806,63.3949
SSSCA1,34.1028,38.2977
SSTR1,0.0,0.0
SSTR2,0.809274,0.750005
SSTR3,3.76362,3.56406
SSTR4,0.0,0.0
SSTR5,0.0,0.0
SST,0.0,0.0
SSU72,185.8967,161.797669
SSX1,0.0,0.0
SSX2IP,3.097808,1.86303720774587
SSX2,0.0,0.00560872
SSX3,0.0,0.0
SSX4,0.0,0.0
SSX5,0.0,0.0
SSX7,0.0795565,0.0453052
ST13,137.764,126.577
ST14,19.8958,25.6032
ST18,0.0,0.0
ST20,7.617596,5.800701
ST3GAL1,36.8479,28.3732
ST3GAL2,19.2133294,23.0769
ST3GAL3,5.04938500100917,4.92599977
ST3GAL4,11.5225530013337,8.44371040775
ST3GAL5,19.611824,16.561564722
ST3GAL6,2.22932,2.61341
ST5,0.5946992,0.293192
ST6GAL1,76.2289,59.10035
ST6GAL2,0.243426856975,0.2321472478456
ST6GALNAC1,0.72361,0.704473
ST6GALNAC2,5.12239,4.525
ST6GALNAC3,1.979303,2.025446
ST6GALNAC4,15.03637,14.45037
ST6GALNAC5,0.0,0.0
ST6GALNAC6,30.768111,23.285720436967
ST7L,3.928974,2.07170788
ST7-AS1,0.527713,0.54841
ST7-AS2,0.0,0.0
ST7,3.2645693,3.918369
ST7-OT4,0.0,0.0
ST8SIA1,0.8032661,0.694123
ST8SIA2,0.0,0.0
ST8SIA3,0.00681314,0.00459688
ST8SIA4,10.17949,7.720914
ST8SIA5,0.00788762,0.0823577
ST8SIA6,1.621716,0.9999166
STAB1,10.83971,12.19487193
STAB2,0.00481845,0.0
STAC2,0.331717,0.158384
STAC3,20.518601,33.3999456
STAC,0.0661945,0.0
STAG1,11.242476,6.6568445
STAG2,38.84511971,24.486952
STAG3L4,3.76195,3.8913
STAG3,1.6673943,1.826696
STAM2,5.037,4.05639
STAMBPL1,5.415756,3.45378962
STAMBP,17.252379,15.586166
STAM,8.065048,8.43707
STAP1,11.99303,6.67245
STAP2,0.868713,0.752164
STARD10,14.729655,19.5799740024159
STARD13,0.309200397634951,0.0508414
STARD3NL,28.39335,28.18865
STARD3,44.213126,49.62871138579
STARD4,4.355613,1.969602
STARD5,6.69353,5.540379
STARD6,0.0,0.0
STARD7,73.55175,61.08339
STARD8,1.70404,0.769439
STAR,0.27711,0.114403
STAT1,62.591949,109.993976
STAT2,31.5596027,41.569524
STAT3,58.566577,56.988985
STAT4,12.726013,9.629032
STAT5A,50.726924,49.07342
STAT5B,72.10894,50.248306
STAT6,118.856911,127.0558915
STATH,0.0,0.0
STAU1,38.35216012,34.218491104792
STAU2,9.117025,6.199529282
STBD1,1.03279,0.485863
STC1,0.0717412,0.00510655
STC2,0.0,0.0
STEAP1,0.0225538,0.0
STEAP2,0.0869051,0.0492108
STEAP3,3.692604,2.79864
STEAP4,5.789627,3.850892
STH,0.0,0.0
STIL,0.340337,0.443917
STIM1,42.4082600246283,40.2652147000186
STIM2,18.4055128,16.700329
STIP1,51.770000134967,45.193962761
STK10,93.3225,81.129
STK11IP,10.1671852,11.223292
STK11,44.4191,55.6349
STK16,17.32456,16.916617
STK17A,35.2217,22.3327
STK17B,112.814812,92.753715
STK19,13.689528,17.693727
STK24,61.663983,65.1628723
STK25,35.0853084,35.5033562228611
STK31,0.793553,0.858126
STK32A,0.0,0.0
STK32B,0.533674,0.501405
STK32C,10.353141,24.97597
STK33,0.523957,0.401394
STK35,6.10423,4.4050145
STK36,1.980460215,2.70798
STK38L,8.233583,5.3220710889
STK38,60.35442,46.294589
STK39,12.3109,6.77995
STK3,3.0815704,1.7909777
STK40,42.5241317,45.09177848466
STK4,43.667075,41.64262
STMN1,38.151473,31.600529
STMN2,0.0,0.0
STMN3,32.3468,27.3621
STMN4,0.0,0.0
STOML1,5.949514,6.582515
STOML2,59.3084870199498,48.3459810062735
STOML3,0.0,0.0
STOM,53.2295,42.38412
STON1-GTF2A1L,0.0,0.0
STON1,0.376873343377836,0.40871
STON2,0.4676394,1.276292
STOX1,1.147511,0.219452
STOX2,0.00590189,0.00448128
STRA13,43.63962,46.87684
STRA6,0.245807,0.245564
STRA8,0.0,0.0
STRADA,13.35379140474,11.7198348257668
STRADB,14.4512,13.4442
STRAP,66.15426,62.0134
STRBP,15.8017304,14.779778
STRC,0.420405,0.302799
STRN3,3.996392,2.64782
STRN4,39.596372,40.658264
STRN,9.2413436,5.5499982072
STS,5.002602,3.42776
STT3A,30.830067,23.707082
STT3B,73.14031,48.757885
STUB1,91.216409,97.1241901
STX10,131.85763,171.41737
STX11,34.6135,41.9301
STX12,18.3303,13.045
STX16,32.5057635679,31.49986922539
STX17,9.222570037341,8.08365184495
STX18,16.2936,14.9861
STX19,0.0,0.0
STX1A,1.450031,1.573389
STX1B,0.352125,0.215212
STX2,6.67857024,7.42396
STX3,8.8997192018,9.502801
STX4,44.34696,44.099772
STX5,36.574816,39.857194
STX6,13.0776580230939,11.59561
STX7,17.3001968,12.0285
STX8,50.6318,47.7335
STXBP1,1.44431,0.880751
STXBP2,157.3095853942,216.515647792
STXBP3,39.3797,27.3208593433
STXBP4,0.385251121674,0.2339480195401
STXBP5L,0.0,0.0
STXBP5,7.07467000026998,4.614504
STXBP6,0.522284,0.0
STYK1,0.0813361,0.0220565
STYXL1,29.5941740001396,34.651228
STYX,18.67407,14.4262
SUB1,64.628101,49.15567
SUCLA2,9.222257,6.262188
SUCLG1,57.3029,45.2726
SUCLG2,51.0579,42.6849
SUCNR1,0.0875264,0.166146
SUDS3,10.9501,9.3394
SUFU,7.9473828,8.57102
SUGT1P3,1.4234313,0.6726589
SUGT1,31.60135,28.14291
SULF1,0.0192443,0.00182643
SULF2,65.975858,116.13835
SULT1A1,112.844181,77.8670550003202
SULT1A2,0.633844,0.0384063
SULT1A3,38.1738599019213,36.353484101
SULT1B1,7.06221,3.1151
SULT1C2,0.0125363,0.0241699
SULT1C3,0.0,0.0
SULT1C4,0.166841,0.4262818
SULT1E1,0.0106089,0.0112886
SULT2A1,0.626215,0.284284
SULT2B1,0.23817,0.17519
SULT4A1,0.0,0.0
SULT6B1,0.0,0.0
SUMF1,29.8987425,28.356807
SUMF2,85.9006900001937,73.496072
SUMO1,95.9791,84.8106
SUMO2,271.103881,257.646
SUMO3,100.409348,98.761423
SUMO4,0.188457,0.276023
SUN1,17.4071496,14.409697
SUN2,389.3588521115,315.3518079
SUN3,0.116946,0.275145
SUN5,0.0,0.0
SUOX,4.617336,3.8078240012069
SUPT16H,40.981904,35.02469
SUPT3H,8.20204,5.701729
SUPT4H1,91.857,96.8787
SUPT5H,60.134226658437,46.864643334
SUPT6H,30.005844,20.696625
SUPT7L,8.14191,6.525546
SUPV3L1,4.698179,3.124406
SURF1,60.749975,62.776345
SURF2,27.1131,32.6218
SURF4,95.3282896,90.30479
SURF6,17.9541,15.8195
SUSD1,22.77299,22.0539
SUSD2,0.136529,0.0808597
SUSD3,48.46978,36.45541
SUSD4,3.451494,3.124915
SUSD5,0.0747603,0.0387336
SUV39H1,5.33665666962,5.149532
SUV39H2,1.625073,1.309574
KMT5B,19.9682927,16.7036600023204
KMT5C,2.887862,3.98686
SUZ12,25.71054,16.1502
SV2A,2.096318,1.49784276
SV2B,0.0748357,0.00889068
SV2C,0.0147998,0.117993
SVEP1,0.0451349,0.035379
SVIL,9.83598038,7.4467658
SVIP,38.9435,34.587
SVOPL,0.224739,0.0331807
SVOP,0.0743626,0.0021654
SWAP70,19.227785,15.317462
SYAP1,25.08658,19.1568900002297
SYBU,0.5747077,0.467143
SYCE1L,4.61935,3.68907
SYCE1,0.2612435,0.951814
SYCE2,0.348596,0.279392
SYCN,0.0,0.0
SYCP1,0.0,0.0
SYCP2L,0.1391133,0.0337895
SYCP2,0.201719,0.420474
SYCP3,0.0,0.02816740091407
SYDE1,0.0854631,0.0237937
SYDE2,1.141744,1.503829
SYF2,94.229793,92.913081
SYK,84.772691414515,87.0136796255
SYMPK,22.583339,21.681799
SYN1,0.372788032685,0.3808770108388
SYN2,0.0376996,0.0882608
SYN3,0.0221558,0.0
SYNCRIP,51.1043172277906,38.0216883732
SYNC,0.0,0.0
SYNE1,29.75548792867,20.9059874519477
SYNE2,23.388697822405,24.0131188
SYNGAP1,13.23900913472,13.295039
SYNGR1,9.167281,14.948195
SYNGR2,184.27576,238.6912
SYNGR3,0.207576,0.31194
SYNGR4,0.0179638,0.136398
SYNJ1,5.11669733612,3.4278819
SYNJ2BP,2.871269,1.72549
SYNJ2,6.708545,5.74606400004184
SYNM,0.336327058,0.4409204
SYNPO2L,0.469102,0.4694181
SYNPO2,0.2178435,0.2532731
SYNPO,3.130015,2.638206
SYNPR,0.0,0.0
SYNRG,27.8346812875,19.8409922
SYPL1,41.8479,36.028904
SYPL2,0.0435499,0.0
SYP,0.5533551,0.8619735
SYS1,20.02655,22.0418251
SYT10,0.0,0.0
SYT11,8.106925,6.343603
SYT12,0.0,0.0
SYT13,0.0446351,0.0354995
SYT14,0.00677003195643,0.01285120130916
SYT15,0.961267,0.984525
SYT16,0.0,0.0
SYT17,1.0596044,2.2753139505009
SYT1,0.448698,0.085451
SYT2,0.104152,0.0914466
SYT3,0.338369,0.00535256
SYT4,0.0,0.0
SYT5,0.0,0.0163885
SYT6,0.0,0.0
SYT7,0.0641752,0.0
SYT8,0.0,0.0
SYT9,0.0,0.0
SYTL1,64.319534,58.804636
SYTL2,12.1633179147621,5.978920648951
SYTL3,24.464515,16.72344423
SYTL4,0.489715,0.7683196
SYTL5,0.0,0.0307079814
SYVN1,23.2084700007895,18.71731368
TAAR1,0.0,0.0
TAAR2,0.0,0.0
TAAR5,0.0,0.0
TAAR6,0.0,0.0
TAAR8,0.0,0.0
TAAR9,0.0,0.0
TAB1,18.414394,15.4030784
TAB2,84.925803,61.9801053
TAB3,8.39034000003109,6.104549976
TAC1,0.0,0.0
TAC3,0.0,0.321614
TAC4,0.0,0.201982
TACC1,25.67671034,22.04565771618
TACC2,0.01394768,0.0379353
TACC3,61.238415,73.702075
TACO1,14.5019,12.1151
TACR1,0.0,0.0
TACR2,1.04367,0.284783
TACR3,0.0,0.0
TACSTD2,0.245608,0.0482299
TADA1,6.97613,6.170184
TADA2A,3.787233,2.87405
TADA2B,42.4984,34.648436
TADA3,67.093733,65.438703
TAF10,259.031,277.272
TAF11,17.59037,15.06295
TAF12,37.982295,34.945988
TAF13,4.63782,4.13712
TAF15,143.963979,146.4015702
TAF1A,2.957464,1.140307
TAF1B,5.396886,2.8243492949
TAF1C,6.40185595,5.31709600010827
TAF1D,50.0608,41.31446
TAF1L,0.147338,0.0991225
TAF1,9.5797850285522,6.3652473
TAF2,5.26181,3.40435
TAF3,23.3372,18.4194
TAF4B,3.48485,2.91838
TAF4,12.0043,10.1793
TAF5L,12.80297,10.11071
TAF5,2.919609,1.48255
TAF6L,12.907367,14.107964
TAF6,34.5544450033036,27.1802050006204
TAF7L,0.0415242,0.0795754
TAF7,91.7176,64.7955
TAF8,9.294701,7.9280668
TAF9B,8.83996,6.23693
TAF9,57.35456,47.231799
TAGAP,59.27002,43.01578
TAGLN2,695.86139,876.897534
TAGLN3,0.0,0.0847694
TAGLN,5.342627,13.820035
TAL1,1.799986,6.872318
TAL2,0.0,0.0
TALDO1,435.12938,533.365029
TANC1,0.4158173,0.0164421
TANC2,2.761303883912,1.67898116
TANK,29.96894,27.8363
TAOK1,7.47036071699,4.488312
TAOK2,17.147732,13.7775020024523
TAOK3,45.5193919,34.00716
TAP1,113.9384,137.1171
TAP2,58.1415089,68.7159047972
TAPBPL,38.52861,39.260177
TAPBP,185.800844,226.6032408
TAPT1,9.64830400010014,8.07521103001646
TARBP1,5.79809,4.36538
TARBP2,18.00447637,15.290019
TARDBP,21.606196,16.7757000105811
TARM1,0.0807557,0.0689822
TRGC1,77.838239,29.2995130981106
TARS2,11.56187,9.919504
TARSL2,8.976689,7.907414
TARS,22.7173845,17.514652
TAS1R1,0.0181415,0.0
TAS1R2,0.0,0.0
TAS1R3,0.770858,0.152802
TAS2R10,0.0,0.0
TAS2R13,0.0,0.0
TAS2R14,0.0,0.0
TAS2R16,0.0,0.0
TAS2R19,0.0201414,0.0841131
TAS2R1,0.0,0.0
TAS2R20,0.414743,0.273921
TAS2R30,0.075169,0.0856133
TAS2R31,0.0880625,0.0
TAS2R38,0.0,0.0
TAS2R39,0.0,0.0
TAS2R3,0.0,0.0
TAS2R40,0.111408,0.0
TAS2R41,0.0,0.0
TAS2R42,0.0,0.0
TAS2R43,0.245062,0.0
TAS2R46,0.0,0.0
TAS2R4,0.100589,0.0
TAS2R50,0.0,0.0
TAS2R5,0.0155483,0.324658
TAS2R60,0.358628,0.0
TAS2R7,0.0,0.0
TAS2R8,0.0,0.0
TAS2R9,0.0,0.0
TASP1,4.239468,2.65168765
TATDN1,31.46454,24.60835
TATDN2,39.998909,31.72343
TATDN3,9.438818,9.262288
TAT,0.346474,0.281266
TAX1BP1,72.77638,62.31511
TAX1BP3,36.9379,45.5725664
TAZ,27.671865,27.63838
TBC1D10A,33.685423,31.677935
TBC1D10B,32.157985,32.09833
TBC1D10C,113.6216,96.46925
TBC1D12,1.66341,1.20945
TBC1D13,17.336259176,12.361536
TBC1D14,44.26401,39.00208
TBC1D15,19.787794,13.6688400041693
TBC1D16,1.7117413,0.736474
TBC1D17,28.94828,28.817136
TBC1D19,1.52197,0.453779
TBC1D1,34.08662,30.638133
TBC1D20,13.63629,13.6104
TBC1D21,0.0,0.0
TBC1D22A,44.8643000358096,44.331024862065
TBC1D22B,8.098192,7.069364
TBC1D23,8.80199,5.49239
TBC1D24,2.3005290249385,1.924012
TBC1D25,12.6212777,11.26363066517
TBC1D26,0.0,0.0357246
TBC1D28,0.0,0.0
TBC1D29,0.0154222,0.0
TBC1D2B,10.659926,7.755759
TBC1D2,15.498679,19.462556
TBC1D3B,0.0,0.0
TBC1D3C,0.0,0.574151
TBC1D3H,0.0,2.63505e-06
TBC1D3L,6.833626,7.461473
TBC1D4,17.79804,12.1487500665309
TBC1D5,20.754914,15.097891
TBC1D7,7.9111581,11.6218227
TBC1D8B,4.424339,2.84296
TBC1D8,6.969472,5.305256
TBC1D9B,37.687176643212,40.224929
TBC1D9,13.6828,9.90524
TBCA,151.5825172,165.072866
TBCB,103.6724,102.1278
TBCCD1,7.3770672,3.87466
TBCC,43.7787,40.2856
TBCD,33.53015,39.161294
TBCEL,4.015228,2.18167609093
TBCE,7.6156213,6.979366
TBCK,7.14243124312,3.782646444791
TBK1,14.4545,10.7736
TBKBP1,6.83255,5.4346
TBL1XR1,15.500553,11.56349
TBL1X,18.4229523,14.10427
TBL1Y,0.0,0.0
TBL2,10.0468990008002,7.67558477655488
TBL3,23.116513,20.4211942
TBPL1,17.226,11.872679
TBPL2,0.0,0.0
TBP,7.62321,4.80004
TBR1,0.0,0.0
TBRG1,13.190843,11.253803
TBRG4,23.000369,20.2120360265314
TBX10,0.0,0.0
TBX15,0.0,0.0173477
TBX18,0.0,0.0
TBX19,2.213712,2.62856
TBX1,0.173645,0.1871005
TBX20,0.0,0.0
TBX21,21.6271,15.8084
TBX22,0.0,0.0
TBX2,0.0,0.0
TBX3,0.0,0.0
TBX4,0.0,0.0
TBX5,0.0,0.0
TBX6,1.357796,1.395773
TBXA2R,2.965127,2.399794
TBXAS1,101.240469,142.425098
TC2N,30.84115,16.47091834761
TCAM1P,0.0664315,0.0982541
TCAP,0.618785,0.697643
TCEA1,85.3161632,62.15960864372
TCEA2,13.861249,13.6971024
TCEA3,16.18728,17.020167
TCEAL1,8.16977,5.945138
TCEAL2,0.688902,0.380891
TCEAL3,14.5733,12.30054
TCEAL4,16.340964,18.952795
TCEAL5,0.0,0.154388
TCEAL6,0.0,0.0
TCEAL7,0.0,0.0
TCEAL8,31.8867,24.44467
TCEANC,3.88045,3.503276
TCEB1,59.4741,56.98396
TCEB2,228.4105,269.376
TCEB3B,0.0,0.0
TCEB3C,0.0,0.0
TCEB3,11.9659,9.32916
TCERG1L,0.0194326,0.0610485
TCERG1,9.2763873,6.761063
TCF12,15.2842158164398,11.096337700249
TCF15,0.0,0.0
TCF19,5.72789,5.5978
TCF20,13.55272,11.2126790917
TCF21,0.0541795,0.0953912
TCF23,0.0,0.0
TCF25,90.81869,91.437825
TCF3,39.8846705,38.959251
TCF4,8.59720829879704,6.5572756172891
TCF7L1,0.132581,0.0958747
TCF7L2,4.89344884979531,6.72582512822502
TCF7,385.20424,287.0666
TCFL5,9.461979,7.041394
TCHHL1,0.0,0.0
TCHH,0.00722466,0.0429675
TCHP,16.23861,14.60729
TCIRG1,109.32017,162.63295
TCL1A,50.867,72.772
TCL1B,0.813686,1.136172
TCL6,3.3386141,2.42842200226037
TCN1,1.27421,0.0
TCN2,15.1408000127276,23.438862
TCOF1,19.9967793,18.244398
TCP10L2,0.0,0.0
TCP10L,0.0904951,0.0294579
TCP10,0.0139854,0.0410603
TCP11L1,5.4690041372,4.751531
TCP11L2,11.981128,10.228838
TCP11,0.0206477,0.0
TCP1,58.558538,55.4974700065025
TCTA,35.4824,30.1209
TCTE1,0.188559,0.107379
TCTE3,0.186323,0.15112
TCTEX1D1,0.0,0.0
TCTEX1D2,10.1688,7.1152
TCTEX1D4,0.28506,0.129713
TCTN1,5.34340703564949,5.16111000888586
TCTN2,2.12702036,1.82492000419208
TCTN3,12.018401378,12.434821
TDGF1,0.364079,0.222422
TDGF1P3,0.0893459,0.117871
TDG,17.178727,13.43393
TDH,0.0,0.0672114
TDO2,0.0,0.0
TDP1,11.817244201833,7.673738
TDP2,29.370102,20.3508
TDRD10,0.0,0.0
TDRD12,0.3277052,0.0353317
TDRD1,0.155277300052346,0.116640000025331
TDRD3,8.364190965,7.97303300009657
TDRD5,0.0,0.0
TDRD6,0.061516400953519,0.0184890000824993
TDRD7,5.96331700152578,5.273126
TDRD9,1.069381,1.11281
TDRG1,0.0,0.0
TDRKH,5.37526464,3.09326110216435
TEAD1,0.0,0.0
TEAD2,0.6148564,0.733682
TEAD3,0.05637523,0.03004
TEAD4,0.0,0.0
TECPR1,19.40953,12.997604
TECPR2,7.08934,6.32266
TECRL,0.0,0.0
TECR,101.883181,91.280759
TECTA,0.173358,0.0486018
TECTB,0.0,0.0
TEC,1.19854,1.10115
TEDDM1,0.0225855,0.0483104
TEF,3.3015408009897,2.3953600016316
TEKT1,0.0,0.0
TEKT2,0.0,0.0
TEKT3,0.0987697,0.0
TEKT4,0.0,0.278469
TEKT5,0.0438901,0.0
TEK,0.0647966,0.0
TELO2,13.072285,13.782839
TNS2,0.360572,0.850257
TEP1,6.6970222,8.493485
TEPP,0.275901,0.698301
TERF1,12.60677,10.38279
TERF2IP,74.3708,67.3604
TERF2,18.784428,11.901818
TERT,0.0,0.0137699
TESC,27.61606,52.02638
TESK1,18.39275,21.2515
TESK2,5.4618961183,5.65695900995442
TES,83.35354331675,65.14165693
TET1,1.083954,1.5639
TET2,8.4651463,6.754271
TET3,9.8025758,8.75957
TEX101,0.0307612,0.00471916
TEX10,8.317029,4.792075
TEX11,0.0838718,0.00215184
TEX12,0.20543,0.402955
TEX13A,0.0,0.0
TEX13B,0.0,0.0
TEX14,0.08545314545,0.06389947579
TEX15,0.0,0.0
TEX19,0.0,0.0
TEX261,33.4755,30.2627
TEX264,67.30273,60.352864
TEX28,0.0,0.0
TEX2,6.649450125133,6.37456000030849
TEX9,0.776087,0.294076
TFAM,20.00361,16.24027
TFAP2A,0.0450434,0.037723823
TFAP2B,0.0,0.0
TFAP2C,0.0,0.0024707
TFAP2D,0.0,0.0
TFAP2E,1.00103,0.359104
TFAP4,13.1555,9.69582
TFB1M,5.68019,5.18273
TFB2M,5.80113,4.605238
TFCP2L1,0.0909296,0.1619207
TFCP2,25.266984,20.5869644
TFDP1,51.68771,42.18646
TFDP2,8.73543400720507,5.99809000010146
TFDP3,0.0,0.00398479
TFE3,28.354211,31.8184
TFEB,47.4775926,58.3258190169498
TFEC,3.832415758,2.9046125446
TFF1,0.0,0.0
TFF2,0.0,0.0
TFF3,0.0831199,0.220894
TFG,23.07107,21.82608
TFIP11,14.913123,11.60577
TFPI2,0.0,0.0
TFPI,0.060114,0.1940379
TFPT,21.041893,20.32211
TFR2,2.169573,1.28533
TFRC,12.1230500284557,7.917644463
TF,0.02263023,0.0
TGDS,4.27915,1.933637
TGFA,2.9983928,1.89682962394
TGFB1I1,0.333504194,1.63855
TGFB1,454.3,517.525
TGFB2,0.1896751,0.2256524
TGFB3,0.759104,0.9240778
TGFBI,263.149093,429.91688
TGFBR1,17.9396660683057,10.196366085
TGFBR2,73.4515,63.9228
TGFBR3,17.64192261783,9.776745
TGFBRAP1,17.35599,14.013
TGIF1,21.648563,15.5678127
TGIF2LX,0.0,0.0
TGIF2LY,0.0,0.0
TGIF2,14.3289,10.8026
TGM1,0.0816225,0.282882
TGM2,2.7488113191,2.133029
TGM3,0.0390918,0.0346293
TGM4,0.0638636,0.0264499
TGM5,0.0533574,0.0
TGM6,0.0,0.0
TGM7,0.0,0.0
TGOLN2,102.719294631838,103.6074591
TGS1,8.573766,7.37379
TG,0.1580129,0.042532217854
NELFCD,40.184696,34.171997
THADA,7.7176008,6.847756909186
THAP10,0.147107,0.0
THAP11,86.472,78.154
THAP1,8.382775,7.7423
THAP2,0.955905,0.869032
THAP3,11.171721,11.329816
THAP4,33.94897,34.1073
THAP5,8.422754,5.606655
THAP6,3.6278872,2.9831554
THAP7,26.380098,22.665302
THAP8,5.5802,3.132737
THAP9,0.8015152,0.744927
THBD,4.593509,1.779239
THBS1,3.63477,6.72713
THBS2,0.169392,0.199697
THBS3,3.9308330294944,3.5454975
THBS4,0.0466638,0.0984314
THEG,0.0,0.0
THEM4,28.38674,23.01127
THEM5,2.25206,0.997489
THEMIS,24.522693,16.89949
THG1L,18.3456,15.8458
THNSL1,1.6872,0.62212
THNSL2,0.908336500461199,2.0481092
THOC1,6.33878,4.865582
THOC2,54.4536087,49.11195
THOC3,17.13048,16.05285
ALYREF,104.478,122.672
THOC5,20.976938,21.827150000243
THOC6,29.7864,30.70095
THOC7,62.31292,64.5381
THOP1,15.511696,12.905812
THPO,0.0,0.0
THRAP3,34.59376,23.996337
THRA,20.51436,15.237087101
THRB,0.3635509499,0.137488538437
THRSP,0.0,0.0809488
THSD1,0.1704617,0.157693
THSD4,0.0112588,0.0911592
THSD7A,0.018646,0.0
THSD7B,0.0,0.0
THTPA,8.065798,9.490068
THUMPD1,22.08728,17.0110168
THUMPD2,5.217888,3.3452736867
THUMPD3,8.8074,6.27943
THY1,0.0,0.0
THYN1,42.17647,35.657342
TH,0.0,0.0
TIA1,22.6690034,18.3192512
TIAF1,0.514787,0.781562
TIAL1,30.075039167569,24.241322
TIAM1,9.689197,8.562323
TIAM2,0.40105,0.8028127
TICAM1,15.0706,16.491
TICAM2,5.312,5.02059
TIE1,0.624468,0.528958333942
TIFAB,0.546324,0.228684
TIFA,9.57398,9.95846
TIGD1,4.21381,2.85871
TIGD2,2.17951,1.74754
TIGD3,1.71612,1.48967
TIGD4,0.0,0.0736551
TIGD5,10.9574,11.4677
TIGD6,0.5622844,0.604058
TIGD7,3.27138,2.72263
TIGIT,19.3438,7.24434
TIMD4,0.491782,0.325994
TIMELESS,3.9149281,4.564977
TIMM10,38.913,18.818
TIMM13,29.0988,30.3849
PAM16,19.3004,19.3717
TIMM17A,14.8177,10.1114
TIMM17B,46.57997,48.06339
TIMM22,21.6443,15.6732
TIMM44,16.7898,15.0338
TIMM50,18.969844,20.624402
TIMM8A,3.423039,3.16625
TIMM8B,80.76703,70.22112
TIMM9,31.78367,30.55107
TIMP1,219.719968,235.331341
TIMP2,63.80510016,77.3096972
TIMP3,0.110193,0.00836692
TIMP4,0.0,0.0
TINAGL1,0.352892,0.168474
TINAG,0.0997853,0.030611
TINF2,61.40935393,51.8631180000987
TIPARP,14.853,9.6114885
TIPIN,2.5133,1.95863
TIPRL,20.317104,16.75035
TIRAP,5.618791,4.826082
TJAP1,15.8250327,12.194574
TJP1,0.002597532686,0.0
TJP2,7.446893524785,7.552225
TJP3,4.98733000126922,1.66209
TK1,5.54545,3.81306
TK2,16.090173,17.772382
TKTL1,3.560889,2.61234
TKTL2,0.0,0.0614123
TKT,561.552420004669,868.3509053313
TLCD1,0.409087,0.380507
TLE1,10.226199004887,10.545847088229
TLE2,8.657721,7.55303400009405
TLE3,33.4286764,29.557824318
TLE4,23.287862102015,18.5293200000154
TLE6,0.0818973,0.141642
TLK1,28.4013195,21.6165949810805
TLK2,9.191734165776,8.110996
TLL1,0.0,0.0
TLL2,0.0104254,0.0
TLN1,185.37888,161.651403
TLN2,0.2585524,0.1267885
TLR10,4.88119823,3.92354
TLR1,9.65996,6.2633
TLR2,20.586393,28.03608132857
TLR3,0.5168996,0.0414592
TLR4,20.70051,16.56768
TLR5,8.32625,7.77679
TLR6,3.21592,2.10686
TLR7,5.59278,8.34163
TLR8,22.46553,15.30531
TLR9,2.9868843,2.20372
TLX1NB,0.0,0.0
TLX1,0.016642,0.0
TLX2,0.020102,0.0
TLX3,0.0,0.0
TM2D1,15.5646,15.7738
TM2D2,7.2396,6.760731
TM2D3,13.333083,17.2666027
TM4SF18,0.0,0.0
TM4SF19,0.4440989,0.427721
TM4SF1,0.0729713,0.075195
TM4SF20,0.282189,0.0696394
TM4SF4,0.0,0.0
TM4SF5,0.0,0.0
TM6SF1,11.734837,14.042573
TM6SF2,0.0,0.0
TM7SF2,4.728877,4.940364
TM7SF3,16.4902,12.6315
DCSTAMP,0.0,0.0
TM9SF1,16.929065,17.585582
TM9SF2,92.61487,87.0593
TM9SF3,34.321742,24.683744
TM9SF4,36.309903,32.4169
TMBIM1,82.13857,81.495891
TMBIM4,45.363718,63.052383
TMBIM6,419.964865,326.4800097021
TMC1,0.11099,0.0295301
TMC2,0.0111428,0.0
TMC3,0.06842815,0.07593912
TMC4,1.75749920322,0.70115701883
TMC5,0.219137,0.193548
TMC6,119.842803,109.395087
TMC7,0.346197,0.2875196
TMC8,111.713984,89.671599
TMCC1,5.87687,4.88721
TMCC2,1.2144597089165,2.19739610039971
TMCC3,4.64511,3.11577728
TMCO1,17.860458,14.188481
TMCO2,0.0,0.0
TMCO3,16.721052,17.14017
TMCO4,9.857484202939,9.063103
TMCO5A,0.0,0.0
TMCO6,7.86433,6.361765
TANGO6,6.682054,4.795074
TMED10,82.206582,62.489191
TMED1,20.7449,22.1575
TMED2,119.756,105.867
TMED3,44.500714,45.811418
TMED4,64.11682,49.47169
TMED5,24.44752,19.844344
TMED6,0.37956,0.394376
TMED7-TICAM2,1.00229000298486,1.18829
TMED7,26.81746,22.16126
TMED8,5.826728,5.507098
TMED9,122.694,139.204
TMEFF1,0.762325,0.452664
TMEFF2,0.0,0.0
TMEM100,0.0,0.0
TMEM101,27.3946,28.750266
TMEM102,15.1341,13.24655
TMEM104,9.36777902,6.687379
TMEM105,0.156288,0.0806874
TMEM106A,5.69453,5.01835
TMEM106B,10.674094,6.86119
TMEM106C,15.60834,12.187071
TMEM107,7.9030788,5.267505
TMEM108,0.118439,0.0673375
TMEM109,97.8277,78.064
TMEM110,8.274378,8.05539
EMC3,51.93928,54.76346
TMEM114,0.0,0.0
TMEM115,22.1357,20.6982
TMEM116,6.3337769,4.4806563
TMEM117,0.7953259812192,0.93197
TMEM119,0.9086045,1.545745
TMEM11,19.79991,22.76358
TMEM120A,31.785424,47.81952
TMEM120B,2.407572,1.9069627617
TMEM121,3.87761,2.3386
TMEM123,271.787,199.9439491
TMEM125,0.215445,0.0866442
TMEM126A,27.1546,25.4378
TMEM126B,25.254474,17.4664452
TMEM127,47.8899,49.7593
TMEM128,19.285442,17.523929
TMEM129,21.768,23.15131
TMEM130,0.283072,0.251932
TMEM131,20.274184,20.292645
TMEM132A,0.28715909,0.1223743
TMEM132B,0.0304714,0.046127
TMEM132C,0.0320767,0.0013531
TMEM132D,0.0423387,0.080369
TMEM132E,0.10303,0.0330974
TMEM133,0.417017,0.061169
TMEM134,42.113833,37.294017332994
TMEM135,2.5953070127624,2.395399
TMEM136,0.30022724,0.17178
TMEM138,15.03152,12.582159
TMEM139,0.255782,0.1514871
TMEM140,11.0401,16.349
TMEM141,43.6904,48.9223
TMEM143,5.27165406438077,2.82140707837753
TMEM144,0.796245,1.1502308
TMEM145,0.0395764,0.0
CATSPERD,0.974905,0.73065
TMEM147,76.762516,87.6747
IGFLR1,71.80839,52.955305
TMEM14A,8.85303,4.62311
TMEM14B,86.197458,77.086176
TMEM14C,66.638559,65.275606
TMEM150A,11.407895,12.024994
TMEM150B,8.265909,12.8203070011316
TMEM150C,0.00930756,0.035336
TMEM151A,0.0,0.0
TMEM151B,0.0885276,0.041232
TMEM154,22.8864,14.4942
TMEM155,0.0240171,0.0
TMEM156,8.40112,5.5023700833683
TMEM158,1.03911,2.80627
TMEM159,11.555451,11.802012
TMEM160,90.1994,108.212
TMEM161A,13.20310577143,13.64246
TMEM161B,7.025507,4.569865
TMEM163,0.458053,0.4885698
TMEM164,30.02113,33.9651
TMEM165,31.0437,23.4052
TMEM167A,24.5138,21.1944
TMEM167B,43.6448000261664,41.8971000082703
TMEM168,4.466643,3.0671
TMEM169,0.8848356786,0.5702648
TMEM170A,11.09732850062,7.112455
TMEM170B,8.39334,8.20802
TMEM171,1.028352,0.25694006
TMEM173,85.1042,80.7781
TMEM174,0.0,0.0
TMEM175,17.664579,17.484402
TMEM176A,15.094,30.5907
TMEM176B,22.717,48.390274
TMEM177,2.7691395,1.974981
TMEM178A,0.0,0.0
TMEM179B,60.1513,64.261
TMEM179,0.0,0.0
TMEM17,0.4150736,0.5187934
MFSD13A,6.569106,5.99444
TMEM181,5.53411,4.6520041
TMEM182,1.588998,0.620879
TMEM183A,75.03374,73.1132700004712
TMEM184A,0.07617690522249,0.009324100203973
TMEM184B,15.457996,11.616222
TMEM184C,6.79307,5.24673
TMEM185A,8.069699,10.69666
TMEM185B,9.62686,9.79716
TMEM186,5.53444,2.71475
TMEM187,6.27342,4.21315
CNEP1R1,7.75229,6.845633
TMEM189-UBE2V1,5.14954e-10,1.08066
TMEM189,22.956996,24.6072200002559
TMEM18,20.10394,17.46964
TMEM190,0.0629557,0.143406
TMEM191A,1.60331,2.01939
TMEM192,6.95665,5.44811
NEMP1,2.6241476625,2.29624
NEMP2,5.8695,2.993994
AGMO,0.152604,0.0547431
TMEM196,0.0,0.0
TMEM198,0.126377,0.100292
TMEM199,17.898,15.7902
TMEM19,15.718856,14.370352
TMEM200A,0.7885673,0.396903
TMEM200B,0.0,0.0
TMEM200C,0.0,0.0
TMEM201,3.131074,2.743151
TMEM202,0.0,0.0
TMEM203,61.0081,64.7307
TMEM204,32.11408,19.98566
TMEM205,58.19238,95.56917
TMEM206,8.85397,9.21322
TMEM207,0.0,0.0
TMEM208,29.382944,30.92778
TMEM209,12.572064,8.724476307542
SLC35G1,2.65642218786085,1.5584383
TMEM211,0.0,0.0
TMEM212,2.91132,3.14577
TMEM213,0.27262,0.3058389
TMEM214,27.75845,25.95899
TMEM215,0.0,0.0
TMEM216,15.0527,11.00185
TMEM217,0.2069383,0.116169
TMEM218,12.230804,11.536279
TMEM219,125.57964,169.95821
TMEM220,2.626568,2.289357
TMEM222,30.706452,30.711258
TMEM223,12.3758,13.3637
TMEM225,0.0,0.0
TMEM229A,0.0,0.0
TMEM229B,12.034862,11.6143
SLC35G2,0.0536585,0.0
TMEM231,0.711762,0.1799844
TMEM232,0.0974035,0.0
TMEM233,0.0,0.0
TMEM25,7.353477,6.4013950302763
TMEM26,0.0,0.0
TMEM27,0.0563438,0.0
TMEM2,14.7674710002656,12.27882812768
TMEM30A,51.12751,42.1431257
TMEM30B,1.97409,2.301912
TMEM30C,0.0,0.0
TMEM31,0.0,0.0
TMEM33,6.388907,5.914496
TMEM35,0.0169751,0.00321852
TMEM37,0.0732389,0.027805
TMEM38A,4.85945,3.39154
TMEM38B,6.60333,6.13592
TMEM39A,4.77895,3.48566
TMEM39B,21.06031,19.29897693626
TMEM40,1.7615091,4.98614793408
TMEM41A,6.973836,5.776913
TMEM41B,2.705418,1.83364
TMEM42,21.2693,18.6224
TMEM43,33.473413,37.061692
TMEM44,0.784891500809326,0.4889746
TMEM45A,8.56107,6.18575
TMEM45B,2.31641,1.607476
TMEM47,0.0,0.0
NDC1,4.845510139816,4.050380470515
VMP1,80.819444609549,89.35053
TMEM50A,93.384944,74.9591286
TMEM50B,19.789361,16.59161
TMEM51,2.0106264,1.651624
TMEM52,0.244837,0.0
TMEM53,6.096518629,7.206191
TMEM54,0.0,0.273242
TMEM55A,10.3045,9.74152
TMEM55B,15.6333,16.75337
TMEM56,0.16789,0.164462
TMEM57,8.961652,6.444415
TMEM59L,0.0656668,0.087256
TMEM59,124.560741,119.306834
TMEM5,9.20454,8.63909
TMEM60,11.0461,11.5463
TMEM61,0.0,0.0
TMEM62,4.72088,3.775008
TMEM63A,25.379941,20.4002
TMEM63B,3.304178953273,3.966915
TMEM63C,0.86677,1.177851
TMEM64,4.419155,3.373619
TMEM65,8.07889,7.28387
SARAF,631.51597,579.74568
TMEM67,1.7593781,1.647138
TMEM68,4.01487,4.23833
TMEM69,21.1534,19.6934
TMEM70,16.90168,14.66911
TMEM71,47.84081,52.334294
TMEM72,0.0,0.0
TMEM74,0.0,0.0
TMEM79,4.625343,4.360518
TMEM80,16.510200497276,12.4817
TMEM81,2.26993,1.64751
TMEM82,0.0,0.0
EWSAT1,0.0,0.0409769
EMC4,76.979246,65.668308
TMEM86A,1.37595,1.01855
TMEM86B,6.13769,4.85861
TMEM87A,25.749933,21.246869
TMEM87B,12.3346,9.20452
TMEM88B,0.0,0.0
TMEM88,1.26895,1.12936
TMEM89,0.0,0.0
TMEM8A,29.7352,23.85028
TMEM8B,7.294707,7.45308827
TMEM8C,0.0,0.0
SYNDIG1L,0.0,0.0
SYNDIG1,0.0,0.0
TMEM91,21.148082,25.46931574
TMEM92,0.0,0.0
EMC6,44.50826,48.3776
TMEM95,0.0,0.0
TMEM97,3.47621,2.674
TMEM98,0.0,0.128566
TMEM99,1.45183,0.628545
TMEM9B,59.94601,52.07920185156
TMEM9,27.0667216,19.3110124
TMF1,10.49936,7.456694573
TMIE,1.63421,1.683579
TMIGD1,0.0,0.0
TMIGD2,25.9371,29.7002
TMLHE,8.16842,7.15923
TMOD1,1.0241,1.094202
TMOD2,2.7288720204984,1.99987751565
TMOD3,45.964467,32.6457
TMOD4,1.394800285818,0.860449
TMPO,71.92672,51.806669
TMPPE,0.671443,0.66503
TMPRSS11A,0.0,0.0
TMPRSS11B,0.0737582,0.0928399
TMPRSS11D,0.014299,0.0
TMPRSS11F,0.0,0.0
TMPRSS12,0.122129,0.0936106
TMPRSS13,1.317195,0.560238
TMPRSS15,0.0131857,0.0
TMPRSS2,0.0,0.0
TMPRSS3,1.1828738,0.943479
TMPRSS4,0.0103508835636,0.0
TMPRSS5,0.0284487,0.0
TMPRSS6,0.0381309,0.065278173
TMPRSS7,0.0494214,0.0760373
TMPRSS9,0.0219427,0.0355707
TMSB10,6232.47,6743.99
TMSB15A,0.0,0.301448
TMSB15B,2.039064,1.298343
TMSB4Y,0.201689,2.46997
TMTC1,1.1394275,1.124497582
TMTC2,2.410013,2.168826
TMTC3,1.03361,0.970635
TMTC4,2.26242802,1.85641
TMUB1,67.77217,67.746728
TMUB2,24.987232,23.318015
TMX1,24.071217,20.238062
TMX2,43.03071,37.90549
TMX3,13.1209082,9.04870736933
TMX4,41.2897,36.3256
TNC,0.00771961,0.0214921
TNFAIP1,4.85602,4.80184
TNFAIP2,83.70296,69.29053
TNFAIP3,99.24381,72.05342
TNFAIP6,0.0124673,0.421255
TNFAIP8L1,14.3227,15.9831
TNFAIP8L2,34.7526,27.6885
TNFAIP8L3,0.415626,0.438391
TNFAIP8,102.7102493,67.6426700493725
TNFRSF10A,7.54636,5.30119
TNFRSF10B,13.764430339134,13.4736510406569
TNFRSF10C,12.046765,11.659184
TNFRSF10D,8.00473,7.70662
TNFRSF11A,0.841621,0.584774
TNFRSF11B,0.11252,0.186833
TNFRSF12A,0.918539,1.892988
TNFRSF13B,7.98116,5.752577
TNFRSF13C,11.0844,15.62596
TNFRSF14,99.174555,133.898432
TNFRSF17,8.882269,1.949133
TNFRSF18,4.142588,7.855934
TNFRSF19,0.320268,0.3717604
TNFRSF1A,78.2176600063516,75.2050681
TNFRSF1B,333.562754388,362.68158
TNFRSF21,1.75558,1.9837
TNFRSF25,17.98143,13.59487111
TNFRSF4,5.003974,5.996242
TNFRSF6B,1.01585,0.4067932
TNFRSF8,7.4186380336415,8.3286076
TNFRSF9,0.560909,0.567067
TNFSF10,42.8701856,59.50853
TNFSF11,0.0626642,0.184451
TNFSF12-TNFSF13,82.441,130.774
TNFSF12,62.942,87.0981
TNFSF13B,56.716404,46.31394
TNFSF13,40.208859,70.52851
TNFSF14,3.13134000179314,1.524984
TNFSF15,0.156829,0.0932843
TNFSF18,0.0,0.167387
TNFSF4,0.92704,1.54663
TNFSF8,19.307,17.4004
TNFSF9,4.078,1.66885
TNF,4.39298,9.7245
TNIK,8.3329057,5.561383
TNIP1,128.004083,149.369454
TNIP2,35.17959,36.4569366698
TNIP3,0.5881752455,0.32100531612823
TNK1,3.1700511637,2.53569636
TNK2,32.925959,36.268929
TNKS1BP1,2.5034,1.8996313
TNKS2,24.294,16.5412
TNKS,4.489165,3.359762
TNMD,0.0,0.0
TNNC1,2.0939,0.704383
TNNC2,1.54918,3.26058
TNNI1,0.0404715,0.0701638
TNNI2,8.60057,15.2675
TNNI3K,0.11654,0.366086
TNNI3,0.0,0.0
TNNT1,7.90514,4.8288958
TNNT2,1.09334,0.20025
TNNT3,0.159497,0.393317
TNN,0.0,0.0
TNP1,0.0,0.0
TNP2,0.0,0.0
TNPO1,10.4953388022,7.47553
TNPO2,5.588764,4.109496
TNPO3,21.55791,17.47950067187
TNRC18,26.7938199,29.2917287
TNRC6A,10.3972125,8.265305948
TNRC6B,8.969099,6.233956
TNRC6C,20.12089,9.89363
TNR,0.0733436,0.0236681
TNS1,0.9044528,1.42378124170617
TNS3,7.372165047,5.749583
TNS4,0.3470243,0.135671
TNXB,0.614029,0.2018088
TOB1,89.605,88.359159
TOB2,15.7389,9.06296
TOE1,8.114424,8.36354290064
TOLLIP,26.885807,27.715807
TOM1L1,0.263152326221,0.0523916584183
TOM1L2,6.339128612,5.494401
TOM1,45.753720430125,61.027543087915
TOMM20L,0.465296,0.855118
TOMM20,95.9107,88.338
TOMM22,79.5261,73.4255
TOMM34,9.693067,6.96630000003645
TOMM40L,5.74224029809551,5.52707
TOMM40,42.5173,38.50624
TOMM5,64.606906,48.0339188
TOMM6,185.4351,170.5816
TOMM70A,15.2348,11.8339
TOMM7,420.468,358.979
TOP1MT,32.165581,28.730361
TOP1,42.8115333,36.1178314
TOP2A,2.55233,1.66408
TOP2B,84.102,65.10198
TOP3A,10.1385738,8.804931668
TOP3B,8.17958,7.474476
TOPBP1,12.91808,9.28758
TOPORS,9.77538,7.73378
TOR1AIP1,22.848,17.901677
TOR1AIP2,7.852157,7.090449282183
TOR1A,29.780351,34.625038
TOR1B,18.32,15.199
TOR2A,41.625728,50.628805
TOR3A,47.85534,51.5556
TOX2,1.446739,1.765456
TOX3,0.0,0.0
TOX4,27.8370540213991,24.5932290035568
TOX,5.6267,2.49113
TP53AIP1,0.252887,0.0639252
TP53BP1,4.96927412613549,3.81699756024
TP53BP2,12.926337,10.65345
TP53I11,10.820371405913,14.313235000842
TP53I13,20.8998,24.9617
TP53I3,10.4577439,8.61278
TP53INP1,7.89636,8.3769459
TP53INP2,1.33559,1.08586
TP53RK,7.9621,6.608049
TP53TG3D,0.02707905,0.2814236
TP53TG5,0.0678264,0.418621
TP53,35.73419241893,28.8046056
TP63,0.297309,0.2200632
TP73,0.2272539,0.0
TPBG,0.318196,1.8071961666
TPCN1,25.969621,32.338482
TPCN2,8.5744171,6.434752
TPD52L1,0.0328579,0.0266129
TPD52L2,82.8112622,83.5424202794295
TPD52L3,0.0,0.0
TPD52,17.571265,15.87971
TPH1,0.0109096,0.0
TPH2,0.0,0.0
TPI1P2,0.255584,0.314803
TPI1,367.87874,390.08421
TPK1,10.392478,7.8007346
TPM1,9.18624,11.74159487649
TPM2,3.2050405,3.0010789
TPM3,906.694132412027,864.000356001941
TPM4,124.097748,74.664835
TPMT,17.603467,16.509356
TPO,0.0161804,0.156767
TPP1,162.365289,155.710131
TPP2,18.507,9.56576
TPPP2,0.0,0.0
TPPP3,39.2695218,59.3667
TPPP,0.819615,0.396028
TPRA1,20.75932,16.17915
TPRG1L,56.2212,50.11841
TPRG1,0.351749,0.282624
TPRKB,31.684676,22.602527374
TPRN,9.26783,9.53168
TPRX1,0.0,0.0
TPR,19.062412,13.638877
TPSAB1,0.278447,0.145025
TPSB2,1.68249068212,1.391438
TPSD1,0.488229,0.134782
TPSG1,0.1001,0.0
TPST1,1.858165,1.66418206
TPST2,61.378765,48.384609
TPT1,12615.73175,11468.42629
TPTE2,0.0,0.218931
TPTE,0.0,0.0
TPX2,1.868819,1.172387
TRA2A,65.58118,52.5136
TRA2B,125.174449,122.3432
TRABD,52.293677,60.88467
TRADD,79.94288,81.01751
TRAF1,6.327678,4.58119
TRAF2,7.91385939075691,7.43850977563486
TRAF3IP1,6.0823,5.301007
TRAF3IP2,13.700158,9.315508120665
TRAF3IP3,125.428504,93.30403
TRAF3,20.045086,19.10900257
TRAF4,5.347454,4.105821
TRAF5,10.5670302080326,9.67819800003398
TRAF6,5.85542,6.31631
TRAF7,28.5136,32.0269
TRAFD1,30.667742,36.438667
TRAIP,0.8325413,0.332313
TRAK1,21.787616959,20.601982839
TRAK2,16.106853,10.8984021
TRAM1L1,0.0,0.0
TRAM1,159.84785,114.33935
TRAM2,4.90404,3.04831
TRANK1,11.9156,9.15557
TRAP1,30.04952786584,19.5644284
TRAPPC10,35.532115,27.08831
TRAPPC1,183.966,177.439
TRAPPC2L,48.039083,40.99222
TRAPPC2,11.791339,8.037876
TRAPPC3,55.2504,56.4571
TRAPPC4,25.640397,26.8491572
TRAPPC5,177.94461,239.67716
TRAPPC6A,74.5023,74.8029
TRAPPC6B,4.134223,2.272395805922
TRAPPC9,20.502434,17.147877
TRAT1,30.32014,19.0886
TRDMT1,3.13141400005403,1.647815
TRDN,0.0,0.0
TREH,0.0,0.0
TREM1,38.858879,55.9025
TREM2,0.254265,0.201107
TREML1,3.36541,19.91313
TREML2,2.98146,3.63863
TREML4,2.24555663,0.039086900667096
TRERF1,9.0992033533,7.13156850643
TREX1,42.9341282,50.439512458
TREX2,0.46285,0.498216
TRHDE,0.0,0.0
TRHR,0.0,0.0
TRH,0.0,0.0896077
TRIAP1,22.5928,27.9251
TRIB1,8.55192,7.66454
TRIB2,23.19931,14.55729
TRIB3,6.48358,7.822064
TRIL,0.00684312,0.0
TRIM10,0.0587476,0.296655
TRIM11,16.54288,14.99285041
TRIM13,3.3068961929,2.667026
TRIM14,37.438871355,41.791690864964
TRIM15,0.0,0.0719348
TRIM16L,2.448786,1.990374
TRIM16,3.726459,2.796814
TRIM17,0.246924,0.186147
TRIM21,17.9359,19.3116
TRIM22,54.3973034,51.999576
TRIM23,3.18822,1.89241
TRIM24,9.93676,7.76634
TRIM25,11.6712,9.94932
TRIM26,26.826903,22.06475528
TRIM27,31.11393,24.5147538
TRIM28,160.3843,164.9548
TRIM29,0.0,0.0
TRIM2,0.510158614,0.143520832
TRIM31,0.10792,0.0262819
TRIM32,3.117357,1.64613000018425
TRIM33,12.3043456,9.63310700230551
TRIM34,10.2199000002111,11.1168801543661
TRIM35,9.61932,8.635757
TRIM36,0.106917,0.305991
TRIM37,4.516465,4.407557
TRIM38,14.511598,12.3939
TRIM39,7.037922941,4.950918227
TRIM3,1.8559,1.91344
TRIM40,0.0183261,0.216925
TRIM41,11.3410977,12.05316
TRIM42,0.0,0.0
TRIM43,0.0,0.0949588
TRIM44,35.2235,28.4483
TRIM45,0.297248,0.430408
TRIM46,1.687249,1.532827298177
TRIM47,2.123823,1.087024
TRIM48,0.0,0.0
TRIM49D2,0.0321346,0.0
TRIM49,0.0,0.0
TRIM4,23.26721,15.071726
TRIM50,0.0,0.0
TRIM52,14.0586,10.4068
TRIM54,0.0216535,0.0665363
TRIM55,0.0,0.0
TRIM56,12.79486,12.06469
TRIM58,3.77439,8.96319
TRIM59,4.77207,3.71447
TRIM5,9.91308,8.24257187004523
TRIM6-TRIM34,0.0,0.0
TRIM60,0.140837,0.105869
TRIM61,0.249177,0.535523
TRIM62,4.83067,4.50776
TRIM63,0.0,0.0
TRIM64,0.219453,0.0
TRIM65,10.6353,8.60133
TRIM66,2.467277,0.629535
TRIM67,0.0,0.0
TRIM68,7.6236642759,4.3645400420263
TRIM69,0.683924,1.101231
TRIM6,0.3322775,0.19588000123788
TRIM71,0.0221702,0.0610222
TRIM72,0.0605424,0.0928672
TRIM74,0.419315,0.2019139
TRIM77,0.0,0.0
TRIM7,3.08747,6.190633
TRIM8,65.9793,65.7386
TRIM9,0.154439,0.1437236
TRIML1,0.0,0.0
TRIML2,0.0,0.0
TRIOBP,33.1930376,36.5740167
TRIO,4.2183592,3.003901770921
TRIP10,3.237017,2.87818
TRIP11,8.49398,7.018641
TRIP12,28.87,23.1319898
TRIP13,1.90893,0.744884
TRIP4,19.6185,14.0877
TRIP6,6.09227,4.80199
TRIT1,5.3376590855,5.9625809377
TRMT112,269.262,255.463
TRMT11,2.830876257205,1.686002298
TRMT12,8.14753,5.92263
TRMT1,28.027478,37.25256
TRMT2A,15.666585,15.95849
TRMT2B,19.95216,16.6320200453446
TRMT5,1.61766,1.24119
TRMT61A,6.604913,5.643951
TRMT61B,9.31076261536,9.17133
TRMT6,12.9523880002374,9.656676
TRMU,6.18005902318162,6.0949577
TRNAU1AP,14.855028,11.611804
TRNP1,2.20829,1.39615
TRNT1,6.189128,5.50762467929
TROAP,0.965743,1.0009449
TROVE2,17.8364200568874,13.1092200237285
TRO,0.475895,0.5339347
TRPA1,0.0,0.0
TRPC1,0.622051,0.365564
TRPC2,0.180195,0.233736
TRPC3,0.0,0.0
TRPC4AP,37.738410203363,43.48048
TRPC4,0.0,0.0
TRPC5,0.0,0.0
TRPC6,0.02997462,0.1388336
TRPC7,0.0,0.0
TRPM1,0.0149686,0.032097
TRPM2,5.485742139421,8.138721
TRPM3,0.0368739,0.0399702
TRPM4,2.454153,1.6313522
TRPM5,0.0,0.01843263379
TRPM6,0.1510773,0.090391
TRPM7,19.507853,12.709319
TRPM8,0.303949,0.0753434
TRPS1,3.01090455923,2.46561200198771
TRPT1,19.7289702,19.181311
TRPV1,1.47676122012,0.822025560682
TRPV2,41.54771,40.03426
TRPV3,0.2091884,0.213867
TRPV4,0.860534325,0.84139847
TRPV5,0.00702333,0.0906574
TRPV6,0.141802,0.0981692
TRRAP,15.51867,12.58181
TRUB1,5.94603,3.24501
TRUB2,16.6688,12.1014
PRSS58,0.0,0.0
TSC1,4.8441103,3.6533692
TSC22D1,20.07419,29.36383
TSC22D2,10.906168,8.531461
TSC22D3,390.68339,394.77237723
TSC22D4,151.51464,168.6769
TSC2,25.065497,24.907364
TSEN15,22.082198,16.755484
TSEN2,3.559637,1.944612
TSEN34,40.879806,47.490724
TSEN54,29.94695,22.072979
TSFM,8.5183085,9.448666
TSG101,30.5545788,27.0679
TSGA10IP,0.184053,0.497938
TSGA10,2.1427151,1.628955
TSGA13,0.183402,0.115872
CEP41,4.12349746556618,3.5368260793207
TSHB,0.0,0.0
TSHR,0.2678272,0.0
TSHZ1,23.7733,20.8392
TSHZ2,5.87067,2.82374
TSHZ3,3.44617,4.16287
TSIX,0.278797,0.230794
TSKS,1.54459,1.22812
TSKU,0.00643446,0.0
TSLP,0.0,0.0608845
TSNARE1,9.37042,9.88808239818
TSNAXIP1,0.0122795,0.0
TSNAX,33.0876,26.7491
TSN,32.53982,27.98083
TSPAN10,0.564824,0.6429434
TSPAN11,0.0,0.0
TSPAN12,0.0,0.0129287
TSPAN13,10.6343,13.811
TSPAN14,69.6545410066982,58.76115
TSPAN15,2.73871,1.91408
TSPAN16,0.548912,0.136758
TSPAN17,19.5697748,24.52784
TSPAN18,18.90004,15.08101
TSPAN19,0.0,0.0
TSPAN1,0.027857,0.264397
TSPAN2,4.94744,4.35795
TSPAN31,22.7466,19.0833081569
TSPAN32,19.340271,25.5007054
TSPAN33,19.728,33.5697
TSPAN3,46.3558700048873,44.901329148
TSPAN4,15.4189993,20.6014
TSPAN5,8.49644,5.18663
TSPAN6,1.20671,0.341595
TSPAN7,0.1365517,0.869653
TSPAN8,0.0,0.0
TSPAN9,0.642058,1.88454
TSPO2,0.0,0.0
TSPO,500.7589,672.9101
TSPY1,0.0,0.0
TSPY2,0.0,0.0
TSPY3,0.0,0.0
TSPY4,0.0,0.0
TSPYL1,40.4827,37.3762
TSPYL2,15.616975,13.32782
TSPYL4,11.83803,8.27602
TSPYL5,1.73359,1.64612
TSPYL6,0.0,0.0213323
TSR1,7.97637,5.936
TSR2,43.28622,42.9564000112455
TSSC1,23.330473,20.1559
TSSC4,34.021374,46.33463051
TSSK1B,0.0,0.0
TSSK2,0.0,0.0
TSSK3,2.05089,2.67546
TSSK4,0.942446,0.821359
TSSK6,0.971473,1.282257
TSTA3,38.1719000232242,41.312732
TSTD1,90.85107,66.4533
TSTD2,3.350327,2.529419
TST,17.760937,28.977438
TTBK1,0.00967047,0.0
TTBK2,4.30402700096227,3.232633
TTC12,4.071404746,4.80359
TTC13,7.13351,6.110451
TTC14,5.082626,4.706646
TRAPPC12,31.997775,32.456367
TTC16,1.517532,0.657871
TTC17,31.427762,23.2912337
CFAP70,0.373209,0.08812197
TTC19,20.7685884,15.815158
TTC1,61.7473,46.2188
TTC21A,0.8806864,0.5250257
TTC21B,3.760893,2.073228
TTC22,2.767605,2.619663
TTC23L,0.0619385,0.0
TTC23,0.357833,0.31616474
TTC24,1.43102,1.42089
TTC25,0.191829,0.166538
TTC26,0.332275008555,0.2825585109054
TTC27,13.5812751608,9.46
TTC28,0.678552,0.648209
TTC29,0.0,0.0
TTC30A,0.232292,0.182258
TTC30B,0.339064,0.50866
TTC31,10.788213,9.4370922
TTC32,9.3651,7.47576
TTC33,3.16251,2.00821
EMC2,9.91968,6.52626
TTC36,1.114322,0.0
TTC37,11.8434,6.18565
TTC38,19.60216,12.50835
TTC39A,0.362485279715,0.340158408467
TTC39B,3.2915841,3.33507050340309
TTC39C,39.78597,31.77102
TTC3,39.2476166,31.21253
TTC4,11.5418000063252,8.86963
TTC5,6.61454,3.55365
TTC7A,39.441877,47.98571
TTC7B,1.728569,2.572189
TTC8,1.427748,1.484162
TTC9B,0.0,0.123103
TTC9C,10.2668,8.252394
TTC9,16.5185,11.1959
TTF1,17.455229,13.8805250002063
TTF2,3.531412,2.786145
TTK,0.357917,0.32521493
TTLL10,0.092938042857,0.0
TTLL11,5.195862,2.6016583
TTLL12,20.046906,17.2448
TTLL13P,0.108089345,0.0642903
TTLL1,8.8566100169884,7.742146
TTLL2,0.322076,0.0492452
TTLL3,3.855077,4.21585
TTLL4,6.9302200323278,5.49924
TTLL5,4.371898,5.022127
TTLL6,0.0,0.0
TTLL7,0.104573,0.218951
TTLL9,0.0321431,0.16169
TTL,9.26401,8.892124
TTN,0.81027516654,0.42690060703
TTPAL,4.732845,3.712196
TTPA,0.0,0.0
TTR,0.0,0.0
TTTY10,0.0,0.119351
TTTY11,0.0,0.0
TTTY12,0.0,0.0
TTTY13,0.0,0.0
TTTY15,0.080135,3.73531
TTTY16,0.0,0.0
TTTY17A,0.0,0.0
TTTY18,0.0,0.0
TTTY19,0.0,0.0
TTTY1B,0.0,0.0
TTTY20,0.0,0.0
TTTY21B,0.0,0.0
TTTY22,0.0,0.0
TTTY23,0.0,0.0
TTTY3,0.0,0.0
TTTY4B,0.0792495,0.0
TTTY5,0.0,0.0
TTTY6B,0.0,0.0
TTTY7,0.0,0.0
TTTY8B,0.0,0.0
OFD1P6Y,0.0,0.0
TTYH1,0.2987853,0.488544
TTYH2,17.6230790009004,14.4541210000264
TTYH3,56.797811,57.01721
TUBA1A,144.58418243771,147.95651
TUBA1B,187.310880060351,192.6188029
TUBA1C,31.0462,33.7532
TUBA3C,0.0136948,0.0
TUBA3D,0.135907,0.0869954
TUBA3E,0.0343863,0.0
TUBA4A,75.848853,95.06475
TUBA8,4.803534,8.90372
TUBAL3,0.0,0.0
TUBB1,13.5679,53.6964
TUBB2A,3.7455,4.25551
TUBB2B,0.0,0.0
TUBB4B,51.39535,61.33573
TUBB3,0.2544832,0.2438075
TUBB4A,1.59538,1.25336
TUBB6,10.7499907,24.0460290115858
TUBB8,0.360673,0.0
TUBB,195.803734,154.825645
TUBD1,5.21408044985949,3.3927093245
TUBE1,4.08287,2.358723
TUBG1,4.35049,4.90451
TUBG2,3.488039016341,1.849294
TUBGCP2,43.326878544,43.292141
TUBGCP3,11.6647492823,9.01770100014968
TUBGCP4,3.65344,2.79635383
TUBGCP5,2.701656,1.370107
TUBGCP6,12.800149,13.791261501102
TUB,0.1701240206163,0.03337010134229
TUFM,116.344,122.514
TUFT1,0.75413,0.9439726
TULP1,0.0,0.0
TULP2,0.030012,0.0
TULP3,3.61865312146,2.48553
TULP4,3.5615008,3.1466316
TUSC1,0.914643,2.29072
TUSC2,23.71604,26.6948
TUSC3,2.321862,0.153475
TUSC5,0.019301,0.0
TUT1,6.582405,6.055287
TWF1,12.424638000417,10.661779
TWF2,143.488708,166.39
TWIST1,0.0211976,0.0
TWIST2,0.558048,0.416157
TWISTNB,5.72727,4.52622
TWSG1,4.24874,3.49957
TXK,14.85796,9.95364
TXLNA,14.69048,11.99548
TXLNB,0.45787,0.434574
TXLNG,15.207855,8.063864
TXN2,77.69302,76.53582
TXNDC11,40.348923,35.4679
TXNDC12,70.7481,77.3856
TXNDC15,11.762153,9.51932
TXNDC16,2.3991704,1.9545095972
TXNDC17,8.22773,10.4864
TXNDC2,0.0,0.172829
NME8,1.1133,1.07534
TXNDC5,113.9916522,50.08288
NME9,0.961395,0.524726
TXNDC8,0.0,0.0
TXNDC9,15.520629,12.777584
TXNIP,1892.36379,2041.7191
TXNL1,53.302258,47.3707926825
TXNL4A,58.9317724,57.195268
TXNL4B,6.8149307,6.082205233627
TXNRD1,29.0806963132789,19.53270338
TXNRD2,21.76421808119,16.81522306267
TXNRD3,0.881748,1.50099
TXN,243.832366,266.483
TYK2,36.151352,34.7245474
TYMP,525.1858,1007.52602
TYMS,5.105641,2.79448
TYRO3,0.731144,0.6595004
TYROBP,1328.511,1921.011
TYRP1,0.0,0.0
TYR,0.0,0.0
TYSND1,8.828973,8.2826
TYW1B,1.9097427,1.07825
TYW1,7.9389600111038,7.14258
TYW3,7.7775211,4.09232
T,0.0,0.0
U2AF1L4,22.11487,21.91876
U2AF1,145.434008,127.661439
U2AF2,90.62238,83.2776
UACA,0.9182870727881,0.7490023
UAP1L1,7.5861,8.15681
UAP1,11.9369,8.7925
UBA1,121.30033,101.44804
UBA2,64.21822,47.191354
UBA3,31.1418101629011,22.499160143
UBA52,572.0937,586.1688
UBA5,16.531968,14.214729
UBA6,4.847584,3.527001
UBA7,30.2546,30.6329
UBAC1,39.303024,47.756478
UBAC2,49.5363786,44.8115842
UBAP1,29.04948,23.88451913529
UBAP2L,44.479459,34.58126
UBAP2,8.5176956,7.3436061
UBASH3A,26.88064,17.568391
UBASH3B,7.31095,5.28775
UBB,1157.557,1109.509
UBC,2719.95564,2635.64201
UBD,0.0364246,0.186685
UBE2A,32.43615,33.37691
UBE2B,38.6939,30.2012
UBE3D,3.1687187,1.6664699
UBE2C,3.52724,0.96058
UBE2D1,32.6527,27.2829
UBE2D2,80.11088,68.01754
UBE2D3,254.50958,214.3986057
UBE2D4,8.86695,6.71783
UBE2DNL,0.0,0.0
UBE2E1,58.04253,52.532722
UBE2E2,14.68727,14.76097
UBE2E3,45.992793,44.17707
UBE2F,57.24235,49.93759
UBE2G1,31.6015,25.5894
UBE2G2,61.63178,53.38756
UBE2H,19.0451,14.3274
UBE2I,147.882566,146.872861
UBE2J1,61.4215,54.5132
UBE2J2,47.065524,58.42933
UBE2K,20.92254,16.139014
UBE2L3,97.2986,93.7026
UBE2L6,132.83648,198.34901
UBE2M,57.9117,70.5185
UBE2NL,0.03282,0.0
UBE2N,41.6214,31.1102
UBE2O,12.718451,12.883134
UBE2Q1,45.3335,37.8997
UBE2Q2P1,1.64513,1.75001
UBE2Q2,21.458231,13.300444
UBE2QL1,0.0965047,0.143221
UBE2R2,57.0429,57.0288
UBE2S,32.9778,36.5297
UBE2T,2.13503,1.06054
UBE2U,0.0,0.0
UBE2V1,120.253386,105.539731
UBE2V2,33.8513,24.2958
UBE2W,6.134109,5.431682
UBE2Z,50.6483,45.5553
UBE3A,28.475777,20.468997
UBE3B,14.397735224663,12.39395075654
UBE3C,25.8638329,20.164525
UBE4A,16.46579,10.34226115
UBE4B,16.48464198089,15.2310901
UBFD1,8.15753,6.07415
UBIAD1,16.1617,13.1862
UBL3,42.5082,32.9479
UBL4A,30.2986,26.8946
UBL4B,0.0,0.0
UBL5,224.3003,219.5461
UBL7,58.459496,54.584806
UBLCP1,28.2068,20.8868
UBN1,20.9070539,17.02792
UBN2,1.828375,1.573203
UBOX5,5.049862,5.254468
UBP1,32.47186,23.46492
UBQLN1,40.12939,27.0496
UBQLN2,29.88506,22.67131
UBQLN3,0.0,0.0
UBQLN4,18.1902495,17.19591
UBQLNL,0.119902,0.167857
UBR1,4.181632,2.58595
UBR2,10.80778704937,10.690771
UBR3,8.359998,6.50296
UBR4,57.5629548,61.354917
UBR5,15.31208,13.11319
UBR7,18.353468,12.44361
UBTD1,10.8402,15.8283
UBTD2,5.37386,4.55462
UBTFL1,0.0,0.0
UBTF,66.00154,51.4105
UBXN10,1.05434,0.40695
UBXN11,29.0369010001004,38.49635
UBXN1,255.160370059331,293.03838
UBXN2A,9.63266400034761,10.3095390000502
UBXN2B,11.7276,9.008
UBXN4,37.652017,26.446304
UBXN6,100.0981,117.5783
UBXN7,5.28974700049207,4.41083700401869
UBXN8,4.768494,4.47447
UCA1,0.150595,0.0238222
UCHL1,0.548193,0.208121
UCHL3,29.137857,23.53797
UCHL5,23.48377,16.105318
UCK1,17.19517,17.1576577
UCK2,7.2831,5.60158
UCKL1,20.273951,17.383338
UCMA,0.0,0.0
UCN2,0.0,0.0
UCN3,0.0,0.0
UCN,1.3009,1.45869
UCP1,0.0,0.0
UCP2,551.747472,536.31841
UCP3,1.288721,0.645619
UEVLD,7.01170332,4.4857440143254
UFC1,137.382,136.73
UFD1L,33.945898,33.2974825795
UFM1,34.67113,28.12781
UFSP1,1.26811,1.48558
UFSP2,11.8102,7.59331
UGCG,7.77853,8.73182
UGDH,6.89375,5.4019436
UGGT1,12.9538893,10.55251
UGGT2,1.281159,1.540171
UGP2,79.36386,66.82216
UGT1A10,2.34917e-05,1.57032e-05
UGT1A1,0.152561,0.187295
UGT1A3,0.0,0.0
UGT1A4,0.0,0.0
UGT1A5,0.0,0.0
UGT1A6,0.0,0.0
UGT1A7,0.0,0.0
UGT1A8,0.0,0.0
UGT1A9,0.0,0.0
UGT2A1,0.00670553,0.0200268
UGT2A3,0.0,0.0
UGT2B10,0.0,0.0
UGT2B11,0.0,0.0
UGT2B15,0.402449,0.235408
UGT2B28,0.0,0.0
UGT2B4,0.1267843,0.117792
UGT2B7,0.0,0.0
UGT3A1,0.0431899,0.0
UGT3A2,0.0583525,0.0
UGT8,0.446735,0.263399
UHMK1,22.40637,11.62381
UHRF1BP1L,10.779234,9.4054288
UHRF1BP1,4.101817,3.0606338
UHRF1,1.581432,1.021314
UHRF2,9.0705900202212,8.675212
UIMC1,34.638223,35.3085200002532
ULBP1,0.127355,0.14505
ULBP2,0.0735958,0.162055
ULBP3,1.383435,1.033931
ULK1,12.7235,12.3142
ULK2,9.06273,5.51091
ULK3,13.5192330480355,10.6078513428844
ULK4,1.521223,1.253496
UMODL1,0.1582629,0.107665
UMOD,0.0,0.0
UMPS,3.85366100039777,3.276624
UNC119B,12.0677,10.2083
UNC119,48.5249,66.49741
UNC13A,0.0534156,0.0446075
UNC13B,0.52264002771,0.44104610851
UNC13C,0.0,0.0
UNC13D,51.996373,59.855016
UNC45A,26.554913,24.807623
UNC45B,0.240079,0.138008
UNC50,19.799784,18.748891
UNC5A,0.0743729,0.25059
UNC5B,0.7677478142,0.04726179599
UNC5CL,0.880804,0.68806
UNC5C,0.0,0.0289028
UNC5D,0.0333006,0.010112
UNC80,0.796959,0.683415
UNC93A,0.0,0.0
UNC93B1,65.6215,110.14
UNCX,0.0,0.0
UNG,8.853528,8.26866
UNKL,7.109434,6.379278
UNK,13.21468,9.26383
UPB1,0.4554291,0.0632964
PLEKHD1,0.1824324,0.0382565
UPF1,25.0554469,21.34408
UPF2,20.56965,15.997713
UPF3A,48.630971,33.063539
UPF3B,17.3712,17.193636
UPK1A,0.0944447,0.0
UPK1B,0.201771984,0.06238287019
UPK2,0.118615,0.0
UPK3A,11.93371,6.50139
UPK3BL,8.14587,10.2305
UPK3B,0.75063,1.242035
UPP1,51.40119,63.52365
UPP2,0.0,0.0
UPRT,10.88462,9.1711912
UQCC1,6.12720900869381,3.93828546003505
UQCR10,76.4173,77.40141
UQCR11,125.735,132.799
UQCRB,80.444142,70.35751
UQCRC1,153.24297,164.39078
UQCRC2,151.789061,117.698475
UQCRFS1,124.126,129.907
UQCRHL,1.40015,0.346841
UQCRH,378.6073,335.5703
UQCRQ,35.3558,35.6224
URB1,2.92814,1.99894
URB2,3.70650744,2.5118900498728
URGCP,8.384474,6.90485
URM1,62.1538309,58.627126
UROC1,0.0222422,0.0569984
UROD,40.666859,37.6140271296
UROS,42.4145328,36.632877
USE1,39.175651,39.35491
USF1,21.08347,25.48588
USF2,174.997280022678,181.611720001125
USH1C,0.0,0.0
USH1G,0.00989602,0.0
USH2A,0.0,0.0
USHBP1,0.6340704,0.43700968
USMG5,185.04738,180.20339
USO1,18.98047,12.8263
USP10,38.161684,27.99828
USP11,17.11,13.8218
USP12,14.7559,12.7135
USP13,2.11725,1.640142613
USP14,11.2137113,7.084965606
USP15,28.916241,23.712931
USP16,16.821590574875,13.702091
USP17L2,0.0,0.0
USP17L6P,0.0,0.0
USP17L9P,0.0,0.0
USP18,6.80283,3.03293
USP19,17.6866824,15.4893604906721
USP1,24.22546,15.2169
USP20,19.094760102623,17.80894
USP21,12.4630002054457,10.37825
USP22,39.0188001,34.04149
USP24,10.1184,6.56871
USP25,25.25573,17.35718
USP26,0.105228,0.138364
USP27X,2.60584,1.9569
USP28,11.226961,8.2490037999
USP29,0.0192675,0.05122
USP2,0.0417742,0.0
USP30,4.623485,4.931385
USP31,0.769963,1.00618
USP32,10.9024119,11.31154
USP33,17.469497,14.0344576001281
USP34,37.690914,36.8533
USP35,2.6503023608,2.422844
USP36,27.349578,20.2514137
USP37,3.79658975,2.057212
USP38,12.315948,8.730675
USP39,41.7072227,31.583507
USP3,42.8918700026207,45.7776150119034
USP40,5.1248524,2.816081
USP42,7.0277155,6.0772
USP43,0.1058158,0.0225972
USP44,1.16018,0.634897
USP45,1.0727109,1.8208243
USP46,1.6059900185233,0.925496645
USP47,14.347672,11.37696
USP48,21.679086,19.222585
USP49,0.393343,0.299898
USP4,41.28762,36.38469
USP50,0.0,0.0693631
USP51,0.581683,0.111805
USP53,9.724801,2.829004
USP54,1.7373077,1.178587
USP5,36.64154,31.22083
USP6NL,7.453297,7.25029
USP6,0.1488129,0.0691762
USP7,52.80826,45.6942488007317
USP8,12.4632561,10.44249477
USP9X,11.891707,7.41085
USP9Y,0.00188169,2.0477394
USPL1,9.290784,7.057421
UST,1.36575,1.21579
UTF1,1.59279,3.72214
UTP11L,15.307933,11.77079
UTP14A,12.852266401,11.8478352
UTP14C,7.991056,4.252093
UTP15,2.19597024824,1.50594000017385
UTP18,34.5414,24.2702
UTP20,2.070485,1.614564
UTP23,8.78416,7.13347
UTP3,24.325,19.0737
UTP6,17.450184,15.360721
UTRN,13.2085605,9.406181
UTS2B,0.210501,0.245261
UTS2R,0.0764222,0.0754353
UTS2,0.8421512,1.139293
UTY,0.275588,7.131966
UVRAG,12.024677513203,9.76321
UXS1,34.02427,30.9959700001376
UXT,251.42929,231.69803
VAC14,14.589286,14.89548174
VAMP1,7.10617,5.11739
VAMP2,140.709,143.41
VAMP3,40.1336,42.77
VAMP4,13.696436,11.15232
VAMP5,89.5329,127.3
VAMP7,36.608079203755,32.2672602
VAMP8,266.277,322.184
VANGL1,1.36486,1.123954652
VANGL2,0.0537192,0.00508415
VAPA,24.23726,21.97771
VAPB,11.737875,11.608598
VARS2,9.8110799646235,9.92331553
VARS,40.1195,40.073
VASH1,4.069378,5.2357781
VASH2,0.1387604,0.0219152
VASN,0.0310402,0.0801337
VASP,221.9158,250.9733
VAT1L,0.0368363,0.0
VAT1,32.09829,32.89294722
VAV1,58.6955734946,60.67988837
VAV2,7.7117621,8.244043
VAV3,10.926309,9.227891
VAX1,0.0,0.0
VAX2,0.0,0.0
VBP1,36.24351,26.2741
VCAM1,0.0,0.0
VCAN,276.858673,282.7823900079
VCL,47.82249121,42.6153535
VCPIP1,9.0321,7.86003
VCP,87.5196120004357,64.1393490000456
VCX2,0.0,0.0
VCX3A,0.0,0.0
VCX3B,0.0,0.0
VCX,0.0,0.0
VCY,0.0,0.0
VDAC1,85.73278,82.40724
VDAC2,98.842267,96.26498
VDAC3,64.51438,55.882475
VDR,4.974952,4.591066
VEGFA,6.56426,5.86853378752
VEGFB,45.9396,47.4825
VEGFC,0.0422208,0.112203
VENTXP1,0.0256799,0.0
VENTX,6.82924,7.72475
VEPH1,0.1777808,0.250911
VEZF1,23.29475,17.0464
VEZT,15.054920998214,11.691001
VGF,0.0547049,0.0597097
VGLL1,0.0,0.0
VGLL2,0.0,0.0
VGLL3,0.0847997,0.0864885
VGLL4,11.4934448,6.13819
VHLL,0.184,0.0471944
VHL,32.603404,27.08454
VIL1,0.487902,1.23999200005808
VILL,10.651735,9.950816
VIM,1717.506378,2075.851741
VIPAS39,8.331108,6.75355
VIPR1,27.029967655,19.0044098131
VIPR2,0.370016,0.246329
VIP,0.0,0.0
VIT,0.1999097,0.1644428
VKORC1L1,13.29567,6.34209
VKORC1,59.31528,63.73488
VLDLR,0.1336,0.113422
VMA21,11.5265,10.8123
VMAC,6.31356,5.82039
VMO1,1.30007,6.23427
VN1R1,0.189598,0.303347
VN1R2,0.7579,0.545528
VN1R4,0.0,0.0
VNN1,5.48171,3.623497
VNN2,51.4112,78.92606
VNN3,3.4954738,1.027221
VOPP1,97.306331,82.407
VPRBP,6.53992,4.855675
VPREB1,0.0,0.0
VPREB3,32.3492,27.41
VPS11,20.01793,17.70527
VPS13A,3.2188166,1.99399632821
VPS13B,3.939057,2.57308321312
VPS13C,18.0790572302578,15.465452584067
VPS13D,12.457761,12.44346847
VPS16,31.05196,27.610679364
VPS18,12.3032,13.9214
CHMP3,53.49626,46.107636
VPS25,35.5409,32.8545
VPS26A,18.74438,16.17351
VPS26B,47.2628,44.9703
VPS28,141.04143,149.53358
VPS29,55.0028974,50.86695
VPS33A,23.834351,18.956385
VPS33B,6.29143667,5.324974747
VPS35,40.810269,31.010461
VPS36,20.423575,13.9079
VPS37A,4.45968,3.12686
VPS37B,42.5923,43.8368
VPS37C,4.666436,4.13281
VPS37D,0.231164,0.158806
VPS39,23.467114,18.3340350012425
VPS41,10.6868000014235,8.95716
VPS45,14.2719180002288,11.4064529
VPS4A,57.8859,55.6314
VPS4B,27.533437,14.6416750093466
VPS52,10.083537,9.4372
VPS53,5.882148,5.3800693363
VPS54,9.4831071,8.16077460611294
VPS72,42.457725,35.67313
VPS8,10.188425,7.297263
VRK1,15.6569,14.0583
VRK2,14.922843,15.120817466434
VRK3,41.0268471278301,35.3047234167
VSIG10L,0.526765,0.417361
VSIG10,0.85196,0.783999
VSIG1,7.75271,5.44823
VSIG2,1.989963,4.97768
VSIG4,4.7182217,2.532128
VSIG8,0.0,0.0
VSNL1,0.0,0.0
VSTM1,22.50172,69.52265
VSTM2A,0.0,0.0
VSTM2B,0.0,0.0653158
VSTM2L,0.0268845,0.09186
VSX1,0.0090997,0.0
VSX2,0.0,0.0
VTA1,20.31211,12.435503
VTCN1,0.0,0.0
VTI1A,11.50031,9.636396
VTI1B,63.324634,63.28927
VTN,0.0315812,0.0519555
VTRNA1-1,3.1373,3.04385
VTRNA1-2,0.0,0.0
VTRNA1-3,0.0,0.0
VWA1,0.00818175,0.108717
VWA2,0.0689404,0.079844
VWA3A,0.00924221,0.0
VWA3B,0.0,0.06888557
VWA5A,4.16731432,4.0546805
VWA5B1,0.174178,0.149321
VWA5B2,0.09731760236442,0.0
VWC2L,0.0,0.0
VWC2,0.046462,0.0
VWCE,0.159413,0.203171
VWDE,0.10673,0.0
VWF,0.475394,0.866907
WAC,87.532031328496,74.563682
WAPL,27.748319,24.66915076
WARS2,3.67083000169569,2.8345901521667
WARS,131.263907,253.326638
WASF1,1.274306,1.3049
WASF2,181.2015,175.3684
WASF3,0.09319655,0.1905219
WASH5P,9.236266,7.3586353587
WASL,2.52668,1.57198
WAS,172.572,212.702
WBP11P1,0.00636971,0.00718777
WBP11,53.4541,45.6113
WBP1,54.52175,61.984919
WBP2NL,0.152705,0.10383202
WBP2,116.4354798,115.322327
WBP4,7.35043,7.45483
WBP5,1.7369386,1.04693528
WBSCR16,28.492166,22.137163
WBSCR17,0.0,0.0
WBSCR22,80.16741,70.9784754
WBSCR27,0.0582972,0.199192
WBSCR28,0.0,0.0
WDFY1,18.9025,15.0655
WDFY2,6.978067,5.269197
WDFY3,4.772992,3.6104411
WDFY4,22.0174617,24.456432
WDHD1,0.654453,0.654612
WDR11,27.496175,17.132374
WDR12,4.85415,2.9055
WDR13,40.30045,49.527554
CFAP52,0.0,0.0
WDR17,0.4091368647,0.32802350108
WDR18,32.646682,33.722443
WDR19,1.285884,0.937825
WDR1,222.90231,206.149216
WDR20,8.402399,8.48316331535257
WDR24,7.67334,6.38312
WDR25,4.2799012,4.4982417161663
WDR26,39.69863,29.644463
WDR27,2.0159923,1.3629174
WDR31,0.23391502263791,0.241678
WDR33,18.115516,12.550329
WDR34,5.41852,6.184521298538
WDR35,1.16478446,0.753021000843137
WDR36,3.82677,2.21050000057444
WDR37,13.640756,12.2086365988
WDR38,0.0,0.0
WDR3,7.02338,5.28339
WDR41,9.60148500456514,10.46086
WDR43,17.4226,12.3875
WDR44,5.8765800312289,4.54092357
WDR45B,39.55629,37.86703
WDR45,40.453911,39.405491
WDR46,37.85434,32.5463
WDR47,3.537765,2.537538
WDR48,15.42761,9.72039
WDR49,0.114168,0.848245
WDR4,5.0159316,4.02140000089115
CFAP44,0.5531208,0.2524289
WDR53,5.6532,3.92905
WDR54,16.222,12.9253
WDR55,7.16305,5.24138
WDR59,9.082801,8.72095
WDR5B,1.11857,0.976402
WDR5,17.7047,18.4481746
WDR60,9.81871299,8.36270404
WDR61,45.897132,35.6219
WDR62,0.52123839,0.29944824
WDR63,0.0602659,0.0480477
WDR64,0.2200453,0.0264161
CFAP57,0.0,0.0
WDR66,0.0,0.0193018
TBC1D31,5.527103980666,3.4628607348479
DAW1,0.319284,0.180515
WDR6,38.29247,39.23072
WDR70,18.5754,16.5135
WDR72,0.0331967,0.0219783
WDR73,6.124761,5.37015
WDR74,29.905714,29.85106
WDR75,6.007147,3.976991
WDR76,5.66708,4.06723
WDR77,14.577740652737,13.0217
WDR78,0.729667,0.4947581
WDR7,7.3091954,4.9970455
WDR81,19.828156413,20.3285100126073
WDR82,107.317055,77.805039
WDR83,12.10075,12.7627
DPH7,18.365380022,13.113067
WDR86,1.503555,1.059906
WDR87,0.0,0.0
WDR88,0.17414,0.361671
WDR89,6.958707,5.058
WRAP73,13.915257,14.505307
WDR90,1.19939397,1.4718431
WDR91,4.445492,2.985069
WDR92,7.5067068,4.555743
WDR93,0.2310117,0.02893426
WDSUB1,6.766253,7.91438449046
WDTC1,51.652586,51.08377155232
WDYHV1,4.41326,4.277372
WEE1,3.1906642,1.4006959
WEE2,0.0,0.0
WFDC10A,0.0,0.0
WFDC10B,0.0,0.0
WFDC11,0.0,0.0
WFDC12,0.0944626,0.00913031
WFDC13,0.0,0.0
WFDC1,0.0,0.0
WFDC2,0.189273,0.0
WFDC3,0.314972,0.0
WFDC5,0.0,0.0
WFDC6,0.0,0.0
WFDC8,0.0639048,0.322854
WFDC9,0.0,0.0
WFIKKN1,0.171255,0.2190039
WFIKKN2,0.0591667,0.0
WFS1,2.60302228,1.6036182704
WHAMM,11.8112,11.4424
WHSC1L1,39.928082034,33.4467323
WHSC1,7.55328899704605,7.079642
NELFA,21.046463,20.987014
PYM1,38.97033,32.9585487
WIF1,0.0,0.0
WIPF1,166.109635,131.83054
WIPF2,15.4095002159831,12.921890132886
WIPF3,0.0,0.0
WIPI1,10.92642,11.45671
WIPI2,38.565495,35.894737
WISP1,0.0,0.0
WISP2,0.466773,0.4650052
WISP3,0.115275,0.0
WIZ,10.03151,9.604482
WLS,14.390065,13.774292
WNK1,38.2327253242,26.67935
WNK2,0.0505901,0.096001552238
WNK3,0.0233888,0.0384286
WNK4,0.500698,0.154107
WNT10A,1.69246,1.9835
WNT10B,0.601004,0.471968
WNT11,0.278583,0.681073
WNT16,0.2823239,0.412656
WNT1,1.04198,0.442125
WNT2B,0.0631939,0.0
WNT2,0.0,0.0
WNT3A,0.0,0.0
WNT3,0.153785,0.053893
WNT4,0.0905002339,0.0648525648
WNT5A,0.034360223,0.0
WNT5B,1.60339000008196,1.14136
WNT6,0.0518381,0.413285
WNT7A,5.81873,3.07552
WNT7B,0.116522,0.112082
WNT8A,0.0590664,0.0
WNT8B,0.0352009,0.0735017
WNT9A,0.0,0.0
WNT9B,0.591187,0.240663
WRAP53,10.338971,11.864268
WRB,8.3311562,9.588416
WRNIP1,29.804500146615,28.5465000956123
WRN,2.568082,0.88198595
WSB1,30.79211115435,31.204919
WSB2,22.804907,25.90548
WSCD1,0.0335221,0.0474355
WSCD2,0.14894448,0.0
WT1,0.0295889,0.00277117
WTAP,86.6769706,70.61098818623
WTIP,0.0158924,0.0
WWC1,0.49729559,0.8109647
WWC2,1.26837,0.757406
WWC3,11.73836,8.9022
WWOX,6.55412500268054,6.08991
WWP1,39.263841,27.759215
WWP2,37.8365970338319,35.1690200000263
WWTR1,0.144978,0.0697789
XAB2,31.7675,35.4531
XAF1,42.636142,42.78354888
XAGE2,0.0,0.0
XAGE3,0.0,0.0
XAGE5,0.0,0.0
XBP1,170.375,137.46356
XCL1,2.22244,1.66368
XCL2,5.18772,7.58555
XCR1,0.34208,0.122803
XDH,0.012078,0.0687808
XG,0.054335,0.0
XIAP,10.50883,8.202968
XIRP1,0.0,0.0
XIRP2,0.0269787,0.0
XIST,6.36527,0.00582904
XKR3,0.0,0.0
XKR4,0.0,0.0
XKR5,0.350409,0.259989
XKR6,1.19053,1.13171
XKR7,0.0598444,0.0704314
XKR8,24.5695,24.3944
XKR9,0.550058,0.4769413
XKRX,0.128275,0.143779
XK,0.540463,0.602652
XPA,24.283102,18.2273
XPC,25.5816,19.880034159607
XPNPEP1,17.56206,19.308132
XPNPEP2,0.505536,0.431338
XPNPEP3,3.90606800006159,4.500406
XPO1,56.928418,45.789864
XPO4,5.778115,3.79997
XPO5,5.24323,3.70728
XPO6,61.3919039734,56.1216400764845
XPO7,18.555555,15.1112
XPOT,29.5431,22.7793
XPR1,5.912322,3.548149
XRCC1,29.55863,28.89906
XRCC2,0.538192,0.453342
XRCC3,4.79533535741,3.961437
XRCC4,7.310053,6.84062
XRCC5,160.378815,128.24747
XRCC6BP1,4.61123,10.0355
XRCC6,252.509256,216.37009
XRN1,8.45841179070167,6.336571725274
XRN2,62.28755323533,51.247589
XRRA1,2.13890970012724,2.4575971148
XYLB,0.6122662197,0.2172726
XYLT1,7.99028,6.19505
XYLT2,10.334523147,8.7063890187
YAF2,7.60733,6.5077462
YAP1,0.0761016,0.0743142
YARS2,5.86551,6.3386
YARS,36.63013,31.57745
YBX1,798.363,862.179
YBX2,0.0557927,0.0
YDJC,43.6645,41.69259
YEATS2,7.54466,6.229849
YEATS4,16.2458,13.9808
YES1,1.974244,1.0893600389422
YIF1A,41.52436,43.941793
YIF1B,57.185472,64.995542
YIPF1,20.78268132,21.244201
YIPF2,24.1433,21.23012
YIPF3,66.712627,69.01315
YIPF4,12.2184,7.92005
YIPF5,13.287988,11.4982
YIPF6,6.70374,4.82312
YIPF7,0.0,0.0
YJEFN3,0.1749249,0.4411352
YKT6,49.05831,57.55439
YLPM1,15.31906,12.163516
YME1L1,67.500912,47.499553
YOD1,1.89426,1.65886
YPEL1,7.47577,4.78257
YPEL2,8.1410003,7.73611
YPEL3,237.70907,293.254919
YPEL4,0.410051,0.35925
YPEL5,99.791623,106.868523010039
YRDC,17.8422,16.8878
MAP3K19,0.0,0.0
YTHDC1,19.2749000060232,13.5580000001269
YTHDC2,3.8264848,2.64379
YTHDF1,25.6649,24.6656
YTHDF2,40.3773440308665,36.548610198901
YTHDF3,14.1938752,11.4741990025378
YWHAB,410.7171,320.0338
YWHAE,106.14432,103.82786
YWHAG,21.1647,13.8004
YWHAH,67.029976741551,75.4904349
YWHAQ,157.309393,132.51843
YWHAZ,469.650450004614,420.968085
YY1AP1,44.1346321609725,41.3493960746134
YY1,66.9553,55.8881
YY2,0.880763,0.449893
ZACN,0.0459228,0.13661780606277
ZADH2,13.150852,15.7845554
ZAN,0.0,0.0
ZAP70,72.13302,57.11394
ZAR1L,0.0,0.0
ZAR1,0.0,0.0
ZBBX,0.0,0.0
ZBED1,31.5752,36.63628
ZBED2,0.264312,0.185487
ZBED3,3.19253,1.71711
ZBED4,10.2756,8.71836
ZBED5,11.650048,8.918339
ZBP1,11.85158,10.82
ZBTB10,7.31015887662,8.7040420173
ZBTB11,8.0326,6.40846
ZBTB12,1.40946,1.5405
ZBTB16,4.600691,4.271979
ZBTB17,8.33619170024098,7.3321164004
ZBTB1,39.914473,31.78995
ZBTB20,1.9017996,1.619885
ZBTB22,25.234813217,26.3624
ZBTB24,25.37876761181,21.515846
ZBTB25,15.02364,14.170917
ZBTB26,2.27301,1.663
ZBTB2,18.085,15.2365
ZBTB32,1.93765,0.67571
ZBTB33,10.600408,8.4261
ZBTB34,2.65178,2.14919
ZBTB37,0.998211,0.898823
ZBTB38,10.21858199,6.27075713
ZBTB39,2.7401,1.94751
ZBTB3,1.00633,0.734436
ZBTB40,3.7122808,3.27398
ZBTB41,1.8485400103872,1.199990779409
ZBTB42,1.51816,1.69285
ZBTB43,2.34451,2.126537
ZBTB44,21.0297227,18.0634797
ZBTB45,7.042962,7.30995
ZBTB46,0.751196,0.673544
ZBTB47,1.94609,2.71739
ZBTB48,9.582066,9.316543
ZBTB49,2.980352,2.307358
ZBTB4,33.26893,26.09194
ZBTB5,2.49761,2.07731
ZBTB6,3.79347,2.1819
ZBTB7A,46.0733,38.5192
ZBTB7B,49.31821,53.0477
ZBTB7C,0.161463,0.1993491
ZBTB8A,0.780661,0.536888
ZBTB8B,0.0173074,0.0345087
ZBTB8OS,29.55561,27.34092
ZBTB9,1.70513,1.59761
ZC3H10,2.11475,1.59945
ZC3H11A,40.5497192638,36.8898200002154
ZC3H12A,10.15452,10.99292
ZC3H12B,0.46343,0.218352
ZC3H12C,0.32476858519,0.102555473443
ZC3H12D,3.726126,3.026211
ZC3H13,33.277067,26.795804
ZC3H14,12.25320306,9.325756
ZC3H15,58.5833,47.9496
ZC3H18,27.580496,19.64477
ZC3H3,17.778,16.7698
ZC3H4,18.09067,15.87479
ZC3H6,9.84221,9.43845
ZC3H7A,34.430508565,32.5329
ZC3H7B,25.089286,26.463493
ZC3H8,6.38454,4.81014
ZC3HAV1L,0.652991,0.349136
ZC3HAV1,60.98607,50.10724
ZC3HC1,6.25671,5.08572900005864
ZC4H2,4.5810264,5.6897788
ZCCHC10,13.754085,13.716806
ZCCHC11,8.019754,5.0316916
ZCCHC12,0.0,0.0786917
ZCCHC13,0.0,0.0
ZCCHC14,4.948791,3.688065
ZCCHC16,0.075712,0.158586
ZCCHC17,28.820395001487,27.55225
ZCCHC18,2.93776,1.81857
ZCCHC24,4.23134,3.56034000523664
ZCCHC2,7.268066,5.751794
ZCCHC3,23.5039,23.4703
ZCCHC4,2.90644,2.28936
ZCCHC5,0.0,0.0
ZCCHC6,13.2128621,9.3179116998
ZCCHC7,21.497131,20.34245
ZCCHC8,11.8092697,8.876661
ZCCHC9,17.99933,10.6499
ZCRB1,30.7032,27.7102
ZCWPW1,5.765266,6.6978906
ZCWPW2,0.707261,0.0733741
ZDBF2,1.33705,0.653333
ZDHHC11,0.367799,0.1756166
ZDHHC12,37.87122,43.74461
ZDHHC13,3.37256,2.301524
ZDHHC14,2.98196266,4.2063055
ZDHHC15,0.257175089,0.155004057
ZDHHC16,11.8189670334019,12.3681048717372
ZDHHC17,7.3686919,6.740519
ZDHHC18,31.3745,28.0905
ZDHHC19,0.2415046,0.3538925
ZDHHC1,12.407,11.8719
ZDHHC20,31.848073,22.623333
ZDHHC21,2.32229,1.3772
ZDHHC22,0.0,0.0
ZDHHC23,0.6401483,0.389508000205504
ZDHHC24,25.42548,24.057077
ZDHHC2,22.2512,16.4131
ZDHHC3,12.0515845,11.5355218
ZDHHC4,34.018977,33.588954
ZDHHC5,29.570104,25.3325
ZDHHC6,21.743306,12.26640151115
ZDHHC7,89.403,96.32057
ZDHHC8,12.102741,12.00582
ZDHHC9,1.866577,1.88262
ZEB1,8.9161920727888,7.46827420947291
ZEB2,35.28334073,35.851314
ZER1,26.4282,25.0805
ZFAND1,29.74084,22.0775
ZFAND2A,28.75008,32.68166
ZFAND2B,38.93296,34.916928
ZFAND3,44.29,51.4298
ZFAND5,51.011252,48.76215513313
ZFAND6,50.306647,36.007478
ZFAT-AS1,0.0,0.0
ZFAT,4.81594368,5.08876655029
ZFC3H1,9.368854,7.87635
ZFHX3,3.04866,3.593763
ZFHX4,0.0,0.000702492
ZNF106,36.37662,29.36336
ZNF112,0.112351,0.0214445254259494
ZFP14,1.509563,0.937922
ZBTB14,11.5696780004316,10.720566
ZFP1,4.39024696139504,3.14333
ZFP28,1.451731,1.0438206
ZFP2,1.06047070824284,0.89941
ZFP30,0.749496127317,0.580663
ZFP36L1,109.9125,88.8221
ZFP36L2,458.1,336.889
ZFP36,273.46919,277.8053
ZFP37,0.601109,0.4710888
ZFP3,1.41707,1.00065
ZFP41,3.90109,2.572326
ZFP42,0.51559343,0.527278
ZFP57,1.11018,0.0
ZFP62,7.04223000188764,6.296968
ZFP64,6.50482,5.81992678
ZFP82,2.76039,1.78206
ZFP90,8.496524,5.8779714
ZFP91,25.43217,22.04483137
ZFP92,0.0570133,0.243506
ZFPL1,19.437089869,22.23953
ZFPM1,12.4758,13.0974
ZFPM2,0.0,0.0
ZFR2,0.818938,0.725365
ZFR,27.422007,22.3442656047
ZFX,14.446865,7.522667
ZFYVE16,4.4680963857,2.7625350466138
ZFYVE19,8.66824,13.389112
ZFYVE1,5.26025,3.68396524
RBSN,5.51309,4.09136
ZFYVE21,10.82425,11.2125557
ZFYVE26,4.381587,2.5535807
ZFYVE27,12.9642,9.5144145222812
ZFYVE28,6.9369834,6.619436
ZFYVE9,0.79505,0.522522
ZFY,0.486545,5.3602031
ZG16B,1.89253,2.74866
ZG16,0.0,0.0
ZGLP1,2.38143,1.24885
ZGPAT,31.563674,34.18235
ZHX1,7.83511,5.943055
ZHX2,15.9434,14.5978
ZHX3,1.693264,1.41970773748956
ZIC1,0.0,0.0
ZIC2,0.0,0.00246936
ZIC3,0.004402,0.0
ZIC4,0.0,0.0
ZIC5,0.0246631,0.0228953
ZIK1,2.446482,2.439764743
ZIM2,0.0,0.0
ZIM3,0.119944,0.192461
ZKSCAN1,15.388243,11.058502
ZKSCAN2,0.75826600152556,0.732854
ZKSCAN3,1.71724,1.098256
ZKSCAN4,2.531426,1.787575
ZKSCAN5,3.861037,2.902936
ZMAT1,4.272997,2.231058
ZMAT2,96.2108,90.0074
ZMAT3,7.6372683,6.08838
ZMAT4,0.212796,0.591818
ZMAT5,29.900192,30.23773
ZMIZ1,26.884568,25.5371559001082
ZMIZ2,17.603002,17.105492001197
ZMPSTE24,14.4135,10.1528
ZMYM1,3.46103669676,2.53412107864519
ZMYM2,10.433158,9.4648587130165
ZMYM3,10.040419,10.899710349
ZMYM4,6.72297,4.41730591
ZMYM5,8.80239,8.517524
ZMYM6,7.391547,4.7366403
ZMYND10,0.3057627,0.48291070966
ZMYND11,24.0663101881,18.8378210148
ZMYND12,0.2648688,0.410608
ZMYND15,0.4800644,1.068898
MSS51,1.00062,0.525119
ZMYND19,13.3081,11.0493
ZMYND8,20.6198243405994,14.4511524387036
ZNF100,1.91313,2.032433
ZNF101,24.771154,27.751303
ZNF107,4.006869,3.375876
ZNF10,1.222903,0.896827
ZNF114,0.278363,0.299968
ZNF117,2.673246,1.517521
ZNF121,2.3777022,2.224426
ZNF124,2.559692,2.160631
ZNF12,4.674668951,3.066494
ZNF131,26.413878,21.246517
ZNF132,0.734912,0.414153
ZNF133,4.00978502384581,2.8818381226
ZNF134,5.809831,6.8811
ZNF135,0.656599,0.487788
ZNF136,4.26077,2.98859
ZNF138,3.720843,3.015203
ZNF140,5.22183835,2.45926
ZNF141,6.441001,4.093283
ZNF142,5.755300228717,4.1693107
ZNF143,12.60015,9.75191
ZNF146,29.07409,16.2404400080393
ZNF148,11.734138,8.9747738399
ZNF14,3.68871,3.12408
ZNF154,2.495564,0.74592
ZNF155,1.40714,1.368555
ZNF157,0.0519956,0.17766
ZNF160,9.207897,5.74433785
ZNF165,0.3137777,0.27522
ZKSCAN7,1.781261,1.2276584
ZNF169,1.990486,1.755878
ZNF16,2.606563,2.547822
ZNF174,5.44011,4.38766
ZNF175,1.44802,0.840264
ZNF177,0.451177,0.342401
ZNF17,2.204346,1.1681618988
ZNF180,4.46114300090882,2.658717
ZNF181,3.976845,3.58214
ZNF182,3.034622,2.06701249507
ZNF184,3.8919,1.906608
ZNF185,21.579857,21.397688639
ZSCAN26,5.05804606351,3.028916
ZNF189,4.620187,3.312119
ZNF18,6.01878,4.045053
ZKSCAN8,2.1248998286,1.19971000009033
ZSCAN9,2.0518930165797,1.99259
ZNF195,7.04307950015664,5.45820830788572
ZNF197,6.47084874921,3.81169293855
ZNF19,0.264102263,0.412449908
ZNF200,3.005696,1.282456
ZNF202,3.707657992,2.70687212
ZNF205,1.03999,2.2657
ZNF207,87.015763,65.275048
ZNF208,0.364253,0.0716783
ZNF20,0.724257233084,0.857125
ZNF211,8.844134188773,7.92319027305269
ZNF212,4.32241,3.03548
ZNF213,7.286901048,7.657202
ZNF214,0.0,0.1018641
ZNF215,0.386642,0.471587
ZNF217,16.966799,14.457127
ZNF219,4.3327900284519,6.2231300300387
ZNF221,0.389772,0.28385
ZNF222,1.10334848053,1.158531
ZNF223,1.16726,0.485909
ZNF224,3.42734,2.86608
ZNF225,1.50032,1.06146
ZNF226,8.6608776,7.92882
ZNF227,5.5841323104828,4.4262050799531
ZNF229,0.443423,0.274973
ZNF22,27.6049,21.2499
ZNF230,1.10087,0.81274
ZNF232,3.563447,2.102695
ZNF233,0.200402,0.0689496
ZNF234,1.569475,0.910909
ZNF235,1.735939,1.009160428
ZNF236,2.226653,1.926766
ZBTB18,22.07471,17.8734
ZNF239,0.636681,0.186294
ZNF23,4.111672,2.790167
ZNF248,1.8141756,1.792742
ZNF24,23.651,18.69953
ZNF250,0.6694697202945,0.7385727146
ZNF251,4.95462,3.44999
ZNF252P,5.06215,2.94577
ZNF253,2.7699,1.589545
ZNF254,3.233037,1.918952
ZNF256,3.61598,2.590102
ZNF257,0.762448,0.416703
ZPR1,23.2979,17.80038
ZNF25,5.8845800325727,4.04884
ZNF260,2.5734247376,1.103789
ZNF263,22.372904,15.762917
ZNF264,3.43196,2.70384
ZNF266,18.3345,19.064323
ZNF267,7.35345,5.72722
ZNF268,2.958157,2.75150876016219
ZNF26,6.39127,5.34506
ZNF271P,8.7945756,7.0087851
ZNF273,2.9548037,3.118942
ZNF274,11.440893442604,8.81923443
ZNF275,4.0924882,3.1855718
ZNF276,25.1381830316,18.0287745605749
ZNF277,24.463789,20.17313
ZNF280A,0.0,0.0
ZNF280B,0.690126,0.320355
ZNF280C,1.23215,0.816418
ZNF281,12.8665738,12.2198690024688
ZNF282,11.890999,14.10419
ZNF283,1.717337,0.871302
ZNF284,0.772816,0.66768
ZNF285,0.999216,0.44761953041
ZNF286A,2.556767,1.541133221687
ZNF286B,0.722252,0.614706
ZNF287,1.54192,1.7623
ZNF28,2.0332915,1.60914
ZNF292,8.841051,5.497321
ZBTB21,2.62622284,2.1051965
ZNF296,14.3758,26.4171
ZNF2,1.7935447,1.24373
ZNF300,0.252109,0.572149
ZNF302,9.116116,7.38881
ZNF304,2.0713605,1.06135
ZNF30,2.940395,0.9194047143
ZNF311,0.0283493,0.1630305
ZNF317,16.591659,14.303692
ZNF318,18.12032,14.782144
ZNF319,11.9242,11.6649
ZNF320,2.481726,1.308826
ZNF321P,1.3256,0.94353222
ZNF322,2.22559,1.02583
ZSCAN31,0.2157152391,0.1449157141
ZNF324B,1.688131,1.653192
ZNF324,4.027933,3.56552
ZNF326,5.364279,4.020817
ZNF329,4.529561,3.437663
ZNF32,39.6696,36.642349
ZNF330,14.87582,12.88
ZNF331,4.253815,3.218012
ZNF333,6.651168,6.480461
ZNF334,0.28479,0.0553936
ZNF335,8.56367,7.673486
ZNF337,5.46899243659,2.96745259
ZNF33A,6.79668500803064,5.47985893879
ZNF33B,10.9568672,8.4671198
ZNF341,3.742397,3.489938764
ZNF343,1.76937,1.86423500015417
ZNF345,5.04955,2.72746
ZNF346,5.21042,4.464529
ZNF347,1.673223,1.03326
ZNF34,3.33627,3.720121
ZNF350,6.06242,3.81284
ZNF354A,8.64669,5.28845
ZNF354B,3.38453,2.927998
ZNF354C,1.03197,0.749989
ZNF358,17.2603,25.6467
ZNF35,1.610548,1.00306
ZNF362,20.6314,16.6495
ZNF365,1.577119,0.5989503
ZNF366,0.383702,0.179104
ZNF367,2.0071158,1.730732
ZNF37A,2.6887323995,1.849678
ZNF37BP,1.0129002,0.751917807
ZNF382,1.220322,0.85198982484
ZNF383,3.716019,2.620937
ZNF384,29.196147,18.769456
ZNF385A,99.993728,132.6914806085
ZNF385B,0.0,0.0
ZNF385D,0.0583194,0.151296
ZNF192P1,0.269137,0.310619
ZNF391,1.123584,0.645975
ZNF394,36.19649,34.80258
ZNF395,32.28887,26.81359
ZNF396,0.0499908,0.26096
ZSCAN30,4.5121378,3.482901
ZNF397,5.047193789,3.41016401268
ZNF398,4.711481,4.2233347821
ZNF3,9.49154,5.74139
ZNF404,1.76707,0.960968
ZNF407,4.9458761,3.820729
ZNF408,9.73987,11.43945
ZNF410,30.287172,24.6061643737846
ZNF414,22.5883001,20.2936209426
ZNF415,0.130231688649194,0.866007
ZNF416,2.51969,2.0894
ZNF417,1.30046,0.711078
ZNF418,1.56739591461,0.547354
ZNF419,2.62775041275872,2.02260400004395
ZNF41,6.3162861,3.71623
ZNF420,3.05173,2.688
ZNF423,0.00395444,0.0
ZNF425,0.672608,0.374015
ZNF426,3.26875,2.786144
ZNF428,41.3472,41.9959
ZNF429,3.026014,3.496635
ZNF430,9.34292,5.39777000003067
ZNF431,4.0340040608,2.8948100280783
ZNF432,1.4314,0.530552
ZNF433,0.548959000115781,0.546405
ZSCAN32,6.539056,4.912273
ZNF436,1.26806,1.38636
ZNF438,3.833232,3.986688
ZNF439,3.43724,1.837014
ZNF43,3.293703,2.925000190884
ZNF440,1.42233,1.56011
ZNF441,1.65294,1.14803
ZNF442,0.160364,0.135282
ZNF443,0.446519,0.384214
ZNF444,15.68969,13.1852
ZNF445,1.96099,1.639404535
ZNF446,5.49828,5.443928
ZNF449,2.0081959,1.4695645725
ZNF44,8.834768,5.615408
ZNF451,9.35251870540781,6.520636
ZNF454,0.0912544,0.0853437
ZNF45,4.205487,3.283435293
ZNF460,0.488307,0.474139
ZNF461,0.87479481067,0.8514580348152
ZNF462,0.3667176,0.090343
ZNF467,65.5683,101.7087
ZNF468,3.340397,2.7465623
ZNF469,0.815756,0.469243
ZNF470,0.883599,0.437959
ZNF471,0.458629,0.217092
ZNF473,1.930352,1.1122764
ZNF474,0.0360537,0.0444851
ZNF479,0.0,0.0
ZNF480,4.644635,2.925627
ZNF483,2.522139,2.308527
ZNF484,1.38338800852644,0.803669
ZNF485,1.83605,0.745428
ZNF486,1.53646,1.64644
ZNF488,0.0,0.0
ZNF48,9.93495,7.466
ZNF490,2.67454,2.06551
ZNF491,0.725094,0.390782
ZNF492,0.348293,0.491478
ZNF493,2.984456,4.62835
ZNF496,11.341563,5.76621
ZNF497,0.99239,1.05591517
ZSCAN25,8.1271,6.464756
ZNF500,4.233286,4.04848352087
ZNF501,0.319927,0.162936
ZNF502,1.9689784,0.5205657
ZNF503,5.2376,5.43798
ZNF506,10.17742234671,11.770070195024
ZNF507,5.7617959,4.322267
ZNF510,3.2090079,1.75007
ZNF511,39.722213145259,45.272943
ZNF512B,4.8187,3.88396
ZNF512,19.406954,13.28162
ZNF513,6.15676,6.54346
ZNF514,1.955207,2.626368
ZNF516,5.09019,4.933877
ZNF517,5.2854071,2.930452
ZNF518A,4.066871,3.08583
ZNF518B,5.65425,4.02244
ZNF519,0.8990817,1.0520069
ZNF521,0.08415331143,0.161073977166
ZNF524,42.6357,57.8422
ZNF526,3.38861,1.84322
ZNF527,3.05896,2.489815
ZNF528,1.489055,0.770357
ZNF529,3.474962,3.00796680916418
ZNF530,1.072713,0.979346
ZNF532,1.70337,2.152847322047
ZNF534,0.0171565,0.075889
ZNF536,0.0775024,0.0551632
ZNF540,0.838793000491468,0.3609178729
ZNF541,0.1755156,0.164022
ZNF542P,3.43017461,2.6370666000215
ZNF543,1.37482,0.671258
ZNF544,7.2686469,5.095413
ZNF546,0.356067,0.505511
ZNF547,0.33112168,0.0
ZNF548,6.7161246,5.8320600140914
ZNF549,4.23507,2.712623
ZNF550,2.9067521,2.643087
ZNF551,3.85452,2.197129
ZNF552,2.947742,3.3912
ZNF554,2.28937,2.255705
ZNF555,1.152104,1.02781
ZNF556,0.09676318,0.05047062
ZNF557,1.2435609166332,1.11886
ZNF558,3.4165011,3.311424
ZNF559,12.622179,9.97985300033815
ZNF560,0.0,0.0
ZNF561,5.785627099,4.827778551
ZNF562,3.9704341132494,3.06013000373917
ZNF563,1.693772,0.909065
ZNF564,4.37041,3.32741
ZNF565,2.056857,0.586683
ZNF566,1.5203321004,1.05092679150722
ZNF567,2.59064,1.99178
ZNF568,3.981341,2.079918
ZNF569,3.14632,1.449644
ZNF570,1.411829,0.627895
ZNF571,3.090975,2.09357
ZNF572,0.414079,0.153174
ZNF573,1.068663,0.753929459716
ZNF574,7.98235,8.54487
ZNF575,6.303986,4.595608
ZNF576,2.2363,2.11008
ZNF577,2.213192,1.279642
ZNF578,1.215067,0.996481
ZNF579,7.36207,8.74395
ZNF57,0.7701600344,0.469886
ZNF580,29.725910001902,33.9745255473
ZNF581,49.48299,67.3502
ZNF582,1.22795,1.48972000077337
ZNF583,2.78863500952,1.70824
ZNF584,2.757518,1.97703
ZNF585A,2.5761,1.48647
ZNF585B,1.633124,1.10606
ZNF586,14.417195,8.023296
ZNF587,2.8900571,2.1467962
ZNF589,5.177721107939,3.239172
ZNF592,15.978226,14.55534
ZNF593,23.3652,14.5559
ZNF594,0.820395,0.319216
ZNF595,6.8958535196125,1.895645
ZNF596,0.43622500756438,0.0
ZNF597,1.85772,1.66325
ZNF598,22.72253,19.70916
ZNF599,1.7096993,1.233862
ZNF600,3.27274,1.49369
ZNF605,3.01202700016285,3.63439300003048
ZNF606,1.332791699756,0.955536
ZNF607,1.268976,0.965006
ZNF608,1.027051,0.1843506
ZNF609,14.571762,11.628808
ZNF610,0.55119,0.239612
ZNF611,3.08330072,1.8747756
ZNF613,1.084595,0.855824
ZNF614,2.183783,2.165691
ZNF615,2.5471951082622,1.684862
ZNF616,1.767466875,1.519847
ZNF618,0.8291616,0.774941
ZNF619,1.102208,0.44131300659225
ZNF620,1.167832,1.264233
ZNF621,2.389202,1.528870716
ZNF622,30.4707,30.3867
ZNF623,5.45855000017894,4.567254056
ZNF624,1.48007,1.47151
ZNF625,0.417906,0.183394
ZNF626,2.4884710025879,1.76626337
ZNF627,3.455256,3.75465
ZNF628,9.14784,11.2041
ZNF629,2.59353,2.29101
ZNF630,1.564912,0.6528018
ZNF638,18.4987180003656,15.778673168
ZNF639,23.76721,24.6302
ZNF641,8.4964966,5.64672
ZFP69,3.26003700884005,2.532698
ZFP69B,0.862866,0.360826
ZNF644,7.812489,6.0803
ZNF645,0.0,0.0
ZNF646,5.29738,3.95084
ZNF648,0.0,0.0
ZNF649,2.59464,1.89372
ZNF652,12.69566,13.57885
ZNF653,3.49161,3.51944
ZNF654,7.05641,4.73477
ZNF655,38.56532192693,27.5936632003471
ZNF658,1.738652596,0.925052
ZNF660,0.103205,0.0
ZNF662,0.4123501,0.2150658
ZNF664,19.23824,16.62509
ZNF665,0.550425,0.324673
ZNF667,0.642801,0.233599000758229
ZNF668,8.154785,9.005329
ZNF669,7.5779,6.67267
ZNF670,0.589593,0.333224
ZNF671,6.8665069352,4.26024
ZNF672,22.2928,20.5045
KRBOX4,10.743762,6.784538
ZNF674,1.864939,1.112443
ZNF675,6.62868,4.23196
ZNF676,0.0,0.0
ZNF677,4.389629,1.705851159411
ZNF678,3.23954,3.863891
ZNF679,0.0,0.0
ZNF680,3.61064,2.59802379
ZNF681,1.8333697,0.72332868
ZNF682,0.756332,0.68852
ZNF683,18.334045242,5.01564
ZNF684,2.50135,1.18784
ZNF687,13.092691,14.113279
ZNF688,27.547,24.66081
ZNF689,5.30911,4.792206
ZNF691,2.765981,1.692855
ZNF692,4.650042,3.88007600393465
ZNF695,0.8247186,0.6701636
ZNF696,3.03286,1.70986
ZNF697,1.05117,0.55922
ZNF699,1.31483,0.889725
ZNF69,1.97622,1.29896
ZNF700,3.117822,1.89593
ZNF701,2.694068,1.8004988
ZNF702P,0.86237,0.43145
ZNF703,11.929,16.201
ZNF704,0.016093,0.0106919
ZNF705A,0.0,0.0
ZNF705D,0.0,0.0232572
ZNF706,25.16499,23.99167
ZNF707,4.894629,5.1599025
ZNF708,3.066096,2.1716831
ZNF709,0.92811,0.628759
ZNF70,1.10904,0.961154
ZNF710,7.92285,8.25029
ZNF711,0.969285,1.295777
ZNF713,0.8713851038,0.739746
ZNF714,2.81303,2.514397
ZNF716,0.328212,0.168892
ZNF717,1.322664,0.942598
ZNF718,3.41044,1.05135
ZNF71,6.6603,5.66341
ZNF720,4.405536,3.3902774915
ZNF721,11.145673,7.79079100003842
ZNF727,0.0,0.0
ZNF732,0.0335978,0.0321049
ZNF735,0.0,0.0
ZNF737,1.80552,1.17403
ZNF740,8.51546,6.27043
ZNF746,9.33211,9.72736
ZNF747,6.00119,5.4483
ZNF749,1.53956,1.07236
ZNF74,3.91911000005797,3.064520000152
ZNF750,0.0,0.0
ZNF75A,7.88822,5.31144
ZNF75D,5.766802,4.49537
ZNF761,5.22596465687,4.79134200085694
ZNF763,1.45851,0.7146182
ZNF764,4.59646,2.93306
ZNF765,2.787026,1.82071
ZNF766,10.79292,9.262883
ZNF767P,1.7554000457301,1.42991900068651
ZNF768,11.71381,13.539485
ZNF76,16.24839,12.8657703
ZNF770,6.68778,4.59819
ZNF771,3.228889,1.420106
ZNF772,0.8940269302,0.9897048125
ZNF773,4.265932,2.90938
ZNF774,0.201035,0.0
ZNF775,4.39051,4.37
ZNF776,3.54784,2.6227254
ZNF777,14.1588,13.056
ZNF778,2.983038,1.678587
ZNF77,2.73791,2.15769
ZNF780A,3.302055,2.76343800753828
ZNF780B,1.747834,1.340686
ZNF781,0.857704,0.752091
ZNF782,1.10012,0.550007
ZNF784,3.1912,4.216806
ZNF785,3.792018,2.494648
ZNF786,3.753689,3.0164811
ZNF787,39.745955,52.983644
ZNF789,3.904152,3.463744
ZNF790,1.27054,1.27398
ZNF791,7.52485102436348,4.864995692731
ZNF792,7.74834,5.61586
ZNF793,2.120436,1.18442970206009
ZNF799,2.331977,1.583847
ZNF79,2.130931,2.06632000096047
ZNF7,11.14834,8.93079
ZNF800,11.77168,10.3282188056
ZNF804A,2.10149,3.18429
ZNF804B,0.0,0.0
ZNF805,2.0613700113664,1.92852039
ZNF808,7.323112,6.07321
ZNF80,0.64645,0.455741
ZNF813,1.95496,1.21593
ZNF814,7.26643,2.650053
ZNF816,2.137428,1.39502
ZNF81,0.903837,0.601833
ZNF821,5.029038,5.531597
ZNF823,0.850491,0.774936
ZNF827,2.47857604649,1.8423100778048
CHAMP1,5.945751397929,5.4720433625
ZNF829,1.046113,0.899233
ZNF830,13.1096,8.64707
ZNF831,5.87795,4.13796
ZNF835,0.619952,0.4228603
ZNF836,3.327680214172,2.200496
ZNF837,4.45621,4.03635
ZNF839,7.929606342,6.23206843862
ZNF83,4.433385,2.871627
ZNF841,1.457598,1.283076
ZNF843,0.0522904,0.0
ZNF844,1.94305,2.46417281686
ZNF845,2.61994,2.47897
ZNF846,2.22723,1.785868
ZNF84,2.94952400925174,1.564112
ZNF853,5.37183,5.10128
ZNF85,1.798088,0.9581874
ZNF860,0.66224,0.495136
ZNF862,10.89211,9.31873
ZNF876P,0.421064,0.290974
ZNF878,0.0103627,0.00411687
ZNF879,0.991828,0.954086
ZNF880,9.25724,5.46514
ZNF8,1.579877,1.528895
ZNF90,0.8970364,18.0665805
ZNF91,11.406345,7.95705
ZNF92,10.1191000002449,8.8080820360006
ZNF93,1.855909,0.640452
ZNF98,0.0,0.0
ZNF99,0.0570811,0.0826397
ZNFX1,13.8163,11.7692
ZNHIT1,79.20468,81.13362
ZNHIT2,10.5038,9.13842
ZNHIT3,33.590569,31.53274
ZNHIT6,10.808825,6.58542
ZNRD1,24.34907,26.3355
ZNRF1,6.556942,8.417
ZNRF2,10.3854,9.13781
ZNRF3,0.412281,0.430014
ZNRF4,0.0,0.0
ZP1,0.0562697,0.0170902
ZP2,0.0,0.0
ZP3,8.570671,5.133173
ZP4,0.0,0.0
ZPBP2,0.200236,0.221976
ZPBP,0.0,0.0
ZPLD1,0.00397968,0.0498678
ZRANB1,16.0776,14.54999
ZRANB2,21.81578,12.90074
ZRANB3,1.03074384,1.016316
ZRSR2,42.9276,35.1888
ZSCAN10,0.159517,0.205905
ZSCAN12,2.554091,1.345583
ZSCAN16,5.358427,4.29542
ZSCAN18,7.6164475,5.796857731
ZSCAN1,0.0,0.0
ZSCAN20,0.510431199,0.415425165
ZSCAN21,4.385662,4.16534
ZSCAN22,0.961977,0.685936
ZSCAN23,0.5565564,0.5939688
ZSCAN29,6.0295811,5.80290205
ZSCAN2,7.103821,6.3239087529
ZSCAN4,0.0565553,0.147426
ZSCAN5A,3.541665,3.121592
ZSCAN5B,0.0,0.0
ZSWIM1,3.15354,3.065813
ZSWIM2,0.0,0.0
ZSWIM3,0.653459,0.746639
ZSWIM4,3.05176,2.366433
ZSWIM5,0.419951,0.280693
ZSWIM6,8.60809,7.00057
ZSWIM7,18.1431,16.6633100000405
ZUFSP,3.136094,2.17716
ZW10,6.255297,4.17671
ZWILCH,3.92740000005807,2.03225000139361
ZWINT,3.477319,3.71275023
ZXDA,3.44931,3.55546
ZXDB,6.36162,5.50518
ZXDC,16.47336,14.92462
ZYG11A,0.426082,0.222251
ZYG11B,7.47139,6.381709
ZYX,327.73759,442.8384011735
ZZEF1,17.070511,12.744583
ZZZ3,14.530079,9.246122
TPTEP1,5.1553801,13.326484
